PointName,ID,Latitude_deg,Longitude_deg,Elevation_m,CS_X_North_m,CS_Y_East_m,CS_Z_Height_m,P1_X_North_m,P1_Y_East_m,P1_Z_Height_m,PC_X_North_m,PC_Y_East_m,PC_Z_Height_m
p1,1,40.95071653,93.96971586,1235.351,-523.47,-266.258,4.275,0,0,0,0.10456,0.6,2.068216
p2,2,40.94620956,93.96632436,1243.306,-1027.189875,-546.289625,12.246,-503.719875,-280.031625,7.971,-503.615315,-279.431625,10.039216
p3,3,40.94622672,93.97323947,1243.82,-1018.27875,36.37975,12.689,-494.80875,302.63775,8.414,-494.70419,303.23775,10.482216
p5,5,40.95519989,93.96636347,1230.969,-28.697,-554.034,-0.107,494.773,-287.776,-4.382,494.87756,-287.176,-2.313784
p6,6,40.95077692,93.97670469,1234.094,-509.70275,322.52375,2.963,13.76725,588.78175,-1.312,13.87181,589.38175,0.756216
p7,7,40.95071283,93.96292889,1239.251,-530.197,-837.715,8.175,-6.727,-571.457,3.9,-6.62244,-570.857,5.968216
p8,8,40.94618897,93.95944922,1247.973,-1035.30675,-1124.78525,16.842,-511.83675,-858.52725,12.567,-511.73219,-857.92725,14.635216
p9,9,40.94620353,93.98005481,1244.253,-1014.44275,610.29675,13.122,-490.97275,876.55475,8.847,-490.86819,877.15475,10.915216
p10,10,40.95519864,93.98007742,1226.083,-15.46775,600.99875,-5.048,508.00225,867.25675,-9.323,508.10681,867.85675,-7.254784
p11,11,40.95519036,93.95950456,1235.261,-36.115,-1131.499,4.185,487.355,-865.241,-0.09,487.45956,-864.641,1.978216
p12,12,40.94169956,93.96971944,1252.979,-1524.33975,-254.44725,21.848,-1000.86975,11.81075,17.573,-1000.76519,12.41075,19.641216
p13,13,40.95969511,93.96974108,1221.421,474.18225,-274.79725,-9.71,997.65225,-8.53925,-13.985,997.75681,-7.93925,-11.916784
p14,14,40.95071256,93.98348475,1235.225,-510.44975,893.48175,4.094,13.02025,1159.73975,-0.181,13.12481,1160.33975,1.887216
p15,15,40.95069006,93.95604769,1244.816,-539.088,-1417.079,13.74,-15.618,-1150.821,9.465,-15.51344,-1150.221,11.533216
p16,16,40.94171056,93.96289389,1253.367,-1529.963875,-829.616125,22.262,-1006.493875,-563.358125,17.987,-1006.389315,-562.758125,20.055216
p17,17,40.94169961,93.976622,1253.808,-1517.86275,326.82275,22.677,-994.39275,593.08075,18.402,-994.28819,593.68075,20.470216
p18,18,40.95972536,93.97661331,1217.374,483.98425,303.72575,-13.757,1007.45425,569.98375,-18.032,1007.55881,570.58375,-15.963784
p19,19,40.95971014,93.96295078,1227.509,469.021,-846.879,-3.567,992.491,-580.621,-7.842,992.59556,-580.021,-5.773784
p20,20,40.94167817,93.95603461,1257.195,-1539.938375,-1407.249625,26.119,-1016.468375,-1140.991625,21.844,-1016.363815,-1140.391625,23.912216
p21,21,40.94169483,93.98345447,1253.854,-1511.94175,902.19875,22.723,-988.47175,1168.45675,18.448,-988.36719,1169.05675,20.516216
p22,22,40.95973753,93.98349228,1217.571,491.83025,882.83675,-13.56,1015.30025,1149.09475,-17.835,1015.40481,1149.69475,-15.766784
p23,23,40.95971,93.95606478,1231.957,462.641,-1426.599,0.881,986.111,-1160.341,-3.394,986.21556,-1159.741,-1.325784
p24,24,40.93718778,93.96631864,1262.825,-2029.034875,-535.711625,31.763,-1505.564875,-269.453625,27.488,-1505.460315,-268.853625,29.556216
p25,25,40.9372,93.9731895,1264.363,-2020.78975,43.33075,33.232,-1497.31975,309.58875,28.957,-1497.21519,310.18875,31.025216
p26,26,40.96419947,93.97318833,1213.743,977.64225,9.84875,-17.388,1501.11225,276.10675,-21.663,1501.21681,276.70675,-19.594784
p27,27,40.96420861,93.96634358,1218.397,972.26225,-566.36925,-12.734,1495.73225,-300.11125,-17.009,1495.83681,-299.51125,-14.940784
p28,28,40.94624089,93.95256325,1252.954,-1036.395,-1705.083,21.878,-512.925,-1438.825,17.603,-512.82044,-1438.225,19.671216
p29,29,40.94618733,93.98691047,1244.392,-1009.74875,1187.59875,13.261,-486.27875,1453.85675,8.986,-486.17419,1454.45675,11.054216
p30,30,40.95519372,93.98691117,1225.889,-9.538750001,1176.36575,-5.242,513.93125,1442.62375,-9.517,514.03581,1443.22375,-7.448784
p31,31,40.95518828,93.95263589,1240.898,-42.673,-1709.797,9.822,480.797,-1443.539,5.547,480.90156,-1442.939,7.615216
p32,32,40.93720467,93.95946375,1262.17,-2033.557,-1113.014,31.094,-1510.087,-846.756,26.819,-1509.98244,-846.156,28.887216
p33,33,40.93721486,93.98005897,1264.001,-2012.67775,621.83775,32.87,-1489.20775,888.09575,28.595,-1489.10319,888.69575,30.663216
p34,34,40.96421772,93.98005392,1209.451,986.12725,587.78775,-21.68,1509.59725,854.04575,-25.955,1509.70181,854.64575,-23.886784
p35,35,40.96419811,93.95949808,1222.901,964.74725,-1142.62825,-8.23,1488.21725,-876.37025,-12.505,1488.32181,-875.77025,-10.436784
p36,36,40.95068194,93.99030689,1234.359,-507.36275,1467.94175,3.228,16.10725,1734.19975,-1.047,16.21181,1734.79975,1.021216
p37,37,40.95071558,93.94915625,1249.122,-542.06475,-1996.96525,17.991,-18.59475,-1730.70725,13.716,-18.49019,-1730.10725,15.784216
p38,38,40.93269733,93.96968217,1274.347,-2524.11475,-246.50025,43.216,-2000.64475,19.75775,38.941,-2000.54019,20.35775,41.009216
p39,39,40.96864083,93.96980661,1208.181,1467.71625,-280.30625,-22.95,1991.18625,-14.04825,-27.225,1991.29081,-13.44825,-25.156784
p40,40,40.94169419,93.949215,1261.79,-1544.394,-1981.541,30.714,-1020.924,-1715.283,26.439,-1020.81944,-1714.683,28.507216
p41,41,40.94168431,93.990341,1254.201,-1506.56675,1482.13375,23.07,-983.09675,1748.39175,18.795,-982.99219,1748.99175,20.863216
p42,42,40.95972006,93.990344,1216.777,496.40225,1459.69375,-14.354,1019.87225,1725.95175,-18.629,1019.97681,1726.55175,-16.560784
p43,43,40.95959794,93.94920783,1235.503,443.902,-2003.735,4.427,967.372,-1737.477,0.152,967.47656,-1736.877,2.220216
p44,44,40.94620822,93.94575008,1256.72,-1046.249,-2278.749,25.644,-522.779,-2012.491,21.369,-522.67444,-2011.891,23.437216
p45,45,40.94621825,93.99369272,1243.518,-999.84475,1758.66275,12.387,-476.37475,2024.92075,8.112,-476.27019,2025.52075,10.180216
p46,46,40.95518192,93.99369781,1224.869,-4.37575,1747.77375,-6.262,519.09425,2014.03175,-10.537,519.19881,2014.63175,-8.468784
p47,47,40.95520119,93.94573703,1243.374,-47.547,-2290.654,12.298,475.923,-2024.396,8.023,476.02756,-2023.796,10.091216
p48,48,40.93263153,93.96278711,1272.293,-2538.35,-827.54,41.217,-2014.88,-561.282,36.942,-2014.77544,-560.682,39.010216
p49,49,40.93271897,93.976611,1275.071,-2515.21575,337.03675,43.94,-1991.74575,603.29475,39.665,-1991.64119,603.89475,41.733216
p50,50,40.96870489,93.97662156,1205.971,1481.21825,293.27375,-25.16,2004.68825,559.53175,-29.435,2004.79281,560.13175,-27.366784
p51,51,40.96873403,93.96290764,1214.813,1471.64325,-861.15425,-16.318,1995.11325,-594.89625,-20.593,1995.21781,-594.29625,-18.524784
p52,52,40.93718681,93.95261144,1265.78,-2041.85,-1690.07,34.704,-1518.38,-1423.812,30.429,-1518.27544,-1423.212,32.497216
p53,53,40.93719828,93.98689203,1264.326,-2008.04675,1197.31375,33.195,-1484.57675,1463.57175,28.92,-1484.47219,1464.17175,30.988216
p54,54,40.96422231,93.98689692,1209.775,993.12025,1163.84375,-21.356,1516.59025,1430.10175,-25.631,1516.69481,1430.70175,-23.562784
p55,55,40.96421264,93.95259936,1227.608,959.496,-1723.796,-3.468,1482.966,-1457.538,-7.743,1483.07056,-1456.938,-5.674784
p78,78,40.94618131,93.93891792,1260.712,-1054.93175,-2853.61925,29.581,-531.46175,-2587.36125,25.306,-531.35719,-2586.76125,27.374216
p81,81,40.95524492,93.93888258,1245.913,-48.912,-2867.808,14.837,474.558,-2601.55,10.562,474.66256,-2600.95,12.630216
p82,82,40.93276019,93.94914553,1275.609,-2536.621,-1976.623,44.533,-2013.151,-1710.365,40.258,-2013.04644,-1709.765,42.326216
p85,85,40.96870436,93.94915103,1223.087,1455.67925,-2019.10325,-8.044,1979.14925,-1752.84525,-12.319,1979.25381,-1752.24525,-10.250784
p88,88,40.93720867,93.93885472,1274.738,-2051.953,-2848.641,43.662,-1528.483,-2582.383,39.387,-1528.37844,-2581.783,41.455216
p91,91,40.96422433,93.93885619,1234.303,948.274,-2880.742,3.227,1471.744,-2614.484,-1.048,1471.84856,-2613.884,1.020216
p93,93,40.9506955,93.92859306,1258.208,-563.402,-3728.752,27.132,-39.932,-3462.494,22.857,-39.82744,-3461.894,24.925216
p102,102,40.94169319,93.92876189,1273.223,-1563.004,-3703.916,42.147,-1039.534,-3437.658,37.872,-1039.42944,-3437.058,39.940216
p105,105,40.95969728,93.92859506,1245.211,436.80225,-3738.80325,14.08,960.27225,-3472.54525,9.805,960.37681,-3471.94525,11.873216
p116,116,40.94618619,93.91834961,1270.236,-1072.78675,-4585.58425,39.105,-549.31675,-4319.32625,34.83,-549.21219,-4318.72625,36.898216
p119,119,40.95517056,93.91833597,1256.19,-75.551,-4597.614,25.114,447.919,-4331.356,20.839,448.02356,-4330.756,22.907216
p13:1,013:1,40.99066928,93.94718556,1195.841,3893.21125,-2210.99625,-35.29,4416.68125,-1944.73825,-39.565,4416.78581,-1944.13825,-37.496784
p13:2,013:2,40.98817394,93.95255006,1192.659,3620.99925,-1756.55825,-38.472,4144.46925,-1490.30025,-42.747,4144.57381,-1489.70025,-40.678784
p13:3,013:3,40.98981628,93.95851492,1186.413,3808.88225,-1256.60625,-44.718,4332.35225,-990.34825,-48.993,4332.45681,-989.74825,-46.924784
p13:4,013:4,40.98816189,93.96258014,1184.521,3628.91325,-912.49425,-46.61,4152.38325,-646.23625,-50.885,4152.48781,-645.63625,-48.816784
p13:5,013:5,40.98382731,93.94185339,1207.615,3128.51725,-2651.49725,-23.516,3651.98725,-2385.23925,-27.791,3652.09181,-2384.63925,-25.722784
p13:6,013:6,40.98453636,93.95224864,1201.665,3216.74925,-1777.51925,-29.466,3740.21925,-1511.26125,-33.741,3740.32381,-1510.66125,-31.672784
p13:7,013:7,40.98310389,93.96223044,1195.758,3066.86925,-935.73325,-35.373,3590.33925,-669.47525,-39.648,3590.44381,-668.87525,-37.579784
p13:8,013:8,40.98148075,93.94729403,1204.492,2872.87225,-2190.80125,-26.639,3396.34225,-1924.54325,-30.914,3396.44681,-1923.94325,-28.845784
p13:9,013:9,40.98132858,93.95707628,1200.411,2864.94425,-1367.33825,-30.72,3388.41425,-1101.08025,-34.995,3388.51881,-1100.48025,-32.926784
p13:10,013:10,40.97681436,93.94688689,1210.178,2354.27025,-2219.45125,-20.953,2877.74025,-1953.19325,-25.228,2877.84481,-1952.59325,-23.159784
p13:11,013:11,40.97507619,93.95221789,1212.813,2166.11325,-1768.65625,-18.318,2689.58325,-1502.39825,-22.593,2689.68781,-1501.79825,-20.524784
p13:12,013:12,40.97688867,93.95788086,1207.629,2372.61025,-1294.21925,-23.502,2896.08025,-1027.96125,-27.777,2896.18481,-1027.36125,-25.708784
p13:13,013:13,40.98831203,93.94210728,1203.158,3626.80325,-2635.50425,-27.973,4150.27325,-2369.24625,-32.248,4150.37781,-2368.64625,-30.179784
p13:14,013:14,40.99353364,93.94070178,1202.78,4205.41825,-2760.02325,-28.351,4728.88825,-2493.76525,-32.626,4728.99281,-2493.16525,-30.557784
