EventNumber,EventName,RandomSeed,EventWeight,Primary [Type],Energy [EeV],Zenith [Deg],"Azimuth [Deg, Geomagnetic]",Model,Xmax [g/cm2],XmaxAltitude [km],XmaxDistance [km]
0,Xi_Sib_Proton_0.277_84.9_48.63_0,0.5425452008,1,Proton,0.27693353298562895,84.90485181999568,48.63442496360173,Sib,699.6577816821239,17.436243280861163,158.57799531608106
1,Xi_Sib_Iron_1.06_78.1_153.4_1,0.3913714762,1,Iron,1.0612382099457993,78.08747361641262,153.40644275544602,Sib,633.4971469466684,14.26422314559477,60.971021932571084
2,Xi_Sib_Proton_0.238_79.2_325.3_2,0.7707237533,1,Proton,0.23771685729136502,79.16795828781757,325.3228670573054,Sib,695.8114788448369,14.186245758062796,66.2716298442022
3,Xi_Sib_Iron_0.0411_87.1_122.5_3,0.2103762490,1,Iron,0.041086087528172034,87.10792982513276,122.47061096725992,Sib,551.594297647122,20.140326055392507,263.77417327332955
4,Xi_Sib_Proton_0.486_87.1_251.7_4,0.4721116801,1,Proton,0.48555227266876333,87.13395345717238,251.7041304704313,Sib,713.8016874904886,18.65450526429504,248.58206818071133
5,Xi_Sib_Iron_1.9_82.3_136.1_5,0.5037903479,1,Iron,1.8979924747615666,82.32232287494988,136.09728542125214,Sib,648.1410801987943,16.315590450773016,105.26635495472517
6,Xi_Sib_Proton_0.164_84.9_17.84_6,0.9145811206,1,Proton,0.16430342939865622,84.92888925303188,17.836713497924844,Sib,686.5075044400091,17.565122842160235,160.3015466087339
7,Xi_Sib_Iron_0.0618_74.0_298.1_7,0.9896569628,1,Iron,0.0618373240566846,73.99382378573648,298.0566952241242,Sib,561.8925398861895,13.368972469534128,42.92308273544682
8,Xi_Sib_Proton_0.826_86.4_119.8_8,0.8349481105,1,Proton,0.8262681732916741,86.40729535502135,119.80569451741091,Sib,727.1930194300053,18.136698652626364,211.45322164938926
9,Xi_Sib_Iron_0.0544_82.9_333.6_9,0.0791483700,1,Iron,0.05443172896126862,82.87350175137848,333.5634519962255,Sib,558.6794235052524,17.551209957471656,121.0810005702678
10,Xi_Sib_Proton_0.168_78.0_281.8_10,0.3708397079,1,Proton,0.1677288144333909,78.03020386097978,281.83511175228875,Sib,687.0272452800427,13.730120664102287,58.226909182492314
11,Xi_Sib_Iron_0.0337_85.2_174.1_11,0.3638139866,1,Iron,0.033686681570452244,85.19946967630419,174.0934251181718,Sib,546.5925774168358,19.098929183740438,181.05005001622138
12,Xi_Sib_Proton_0.417_72.1_341.1_12,0.1517673418,1,Proton,0.4174897713005545,72.12361402854087,341.10929977270183,Sib,709.9974586925694,11.254214043840875,31.867380688242115
13,Xi_Sib_Iron_0.112_71.6_252.1_13,0.1997973986,1,Iron,0.11206121424704135,71.6065877010218,252.05574497630423,Sib,576.8684087911274,12.402089196325505,34.59991238410079
14,Xi_Sib_Proton_0.0457_76.1_314.2_14,0.3800755929,1,Proton,0.04565144523556408,76.11316480484687,314.21910120676733,Sib,654.2483627981592,13.215230734610486,48.50555879846999
15,Xi_Sib_Iron_0.0513_71.0_312.2_15,0.9032975905,1,Iron,0.05132378569802263,71.02378408506284,312.22392975649217,Sib,557.198483609114,12.440875047833288,33.708808656975414
16,Xi_Sib_Proton_0.0445_86.9_46.96_16,0.3226706223,1,Proton,0.04445588884053662,86.94635626357841,46.95933592795937,Sib,653.5798992752781,19.066168078087685,244.2310414519268
17,Xi_Sib_Iron_0.0878_82.0_23.48_17,0.6676035567,1,Iron,0.08784585367947502,82.0145119290176,23.477014036067434,Sib,570.7358335227809,16.9213885354402,105.56864957083279
18,Xi_Sib_Proton_0.163_87.4_35.46_18,0.1338331951,1,Proton,0.16305563218473657,87.4254804755124,35.46145216337888,Sib,686.3154766656533,19.03129448527943,267.79202384373804
19,Xi_Sib_Iron_1.67_62.7_56.79_19,0.2547846397,1,Iron,1.6728656598563674,62.68703120579458,56.790725499000374,Sib,644.9607418379303,9.382027043126982,17.355086140264497
20,Xi_Sib_Proton_0.204_84.0_269.1_20,0.2067444442,1,Proton,0.20432703527101098,83.97487472889075,269.14294844935023,Sib,691.9988983461728,16.916881319350978,134.4890265308508
21,Xi_Sib_Iron_0.0526_72.4_69.27_21,0.6372602811,1,Iron,0.05259313712268546,72.44650238637298,69.26907552323543,Sib,557.8138864528607,12.884796687751077,37.743742484224335
22,Xi_Sib_Proton_0.298_84.4_176.1_22,0.1911955178,1,Proton,0.2982870857686888,84.40377198101811,176.1431410591498,Sib,701.5287981665159,17.103632897898933,144.44496990371897
23,Xi_Sib_Iron_1.8_86.0_302.9_23,0.5306879481,1,Iron,1.8011189552110536,86.00622311835197,302.86751602584644,Sib,646.8214590155883,18.586776924189508,201.40191072637077
24,Xi_Sib_Proton_0.286_87.2_343.2_24,0.1614381094,1,Proton,0.2857512321920299,87.15184381978436,343.2007886713569,Sib,700.4473104843355,18.773443287663213,250.79629840055642
25,Xi_Sib_Iron_0.839_74.3_83.67_25,0.6281975500,1,Iron,0.8393123004474397,74.25588745101342,83.67134876747753,Sib,627.5875680990058,12.765536780887487,41.42753028572536
26,Xi_Sib_Proton_0.0471_81.9_33.68_26,0.0371108814,1,Proton,0.04709325960100861,81.85405654297669,33.68471610644291,Sib,655.031607590142,15.980608074934025,97.73010107403543
27,Xi_Sib_Iron_0.187_77.7_220.1_27,0.9641587924,1,Iron,0.1872286247806103,77.65372441660904,220.12695916052104,Sib,589.7975903469364,14.517919200648976,60.08863342417911
28,Xi_Sib_Proton_0.153_82.4_93.88_28,0.7634750963,1,Proton,0.15288715837077518,82.43577401605717,93.88117851499999,Sib,684.6935185070238,16.044990511483775,104.8300181521514
29,Xi_Sib_Iron_1.98_65.9_98.27_29,0.5339652681,1,Iron,1.9772561207664612,65.85465590958337,98.2671173040914,Sib,649.1716498594475,10.072206543049106,21.129492690804142
30,Xi_Sib_Proton_0.7_78.1_341.8_30,0.0294266084,1,Proton,0.7003912254556374,78.14208792044623,341.8449752016663,Sib,723.0297604014951,13.461386117226539,57.49055485673471
31,Xi_Sib_Iron_0.926_85.9_193.5_31,0.9785233891,1,Iron,0.925925070799932,85.93140587042029,193.46928394115213,Sib,630.0613989187223,18.697063049477947,199.9204858592594
32,Xi_Sib_Proton_0.153_85.8_254.1_32,0.8147574390,1,Proton,0.15310344572071194,85.81056501831839,254.08435555567482,Sib,684.7291279681268,18.130890730993087,190.38882324848043
33,Xi_Sib_Iron_0.757_85.6_311.9_33,0.8577424186,1,Iron,0.7568931466057508,85.57066434182754,311.8563954832863,Sib,624.984005226765,18.52568167894151,186.65263881580972
34,Xi_Sib_Proton_0.134_87.7_175.0_34,0.8990770634,1,Proton,0.13412971978532007,87.68021316041789,174.98987166782754,Sib,681.3964510028302,19.194631303990718,283.94716952423005
35,Xi_Sib_Iron_0.0423_85.7_57.97_35,0.9737659871,1,Iron,0.04233569738741277,85.69858628888305,57.972988927640586,Sib,552.3489896563012,19.338729938104734,198.35099707174928
36,Xi_Sib_Proton_0.844_87.7_208.5_36,0.5763807561,1,Proton,0.8443920901958383,87.73972175282533,208.5021804650566,Sib,727.7395610724204,18.843956278252335,283.2685478852666
37,Xi_Sib_Iron_0.361_83.5_228.2_37,0.1755674329,1,Iron,0.3610591603139521,83.5406256234599,228.18919705316858,Sib,606.3395453332031,17.45156364345985,130.90936642259334
38,Xi_Sib_Proton_0.0567_85.1_52.28_38,0.6072076192,1,Proton,0.05669827657645007,85.09587230101751,52.28220223153658,Sib,659.7070517700504,17.908479408976746,167.58156618350603
39,Xi_Sib_Iron_0.441_81.6_238.1_39,0.3885860100,1,Iron,0.4409941617923821,81.59515360423164,238.09678357801857,Sib,611.3771047196291,16.260218207683465,96.75901662399949
40,Xi_Sib_Proton_0.632_72.7_246.3_40,0.5384837896,1,Proton,0.6324785483263702,72.70982745509339,246.26647306376836,Sib,720.460656411673,11.355036543331153,33.229489232841985
41,Xi_Sib_Iron_0.837_87.2_310.0_41,0.9722774468,1,Iron,0.8367959518680878,87.23833415304445,309.98866729338806,Sib,627.5119350925078,19.456110130628076,262.8068306877733
42,Xi_Sib_Proton_0.662_85.9_111.3_42,0.1326090531,1,Proton,0.6619453676242161,85.8738066801538,111.3433863703596,Sib,721.6076845414779,17.859416039113057,189.7738999270805
43,Xi_Sib_Iron_0.0362_87.3_329.1_43,0.3315262158,1,Iron,0.03619786643194251,87.34430128617649,329.06849860510346,Sib,548.4036124445095,20.291803426426668,277.72165428229243
44,Xi_Sib_Proton_0.0916_79.4_138.7_44,0.8178490183,1,Proton,0.09162433797940675,79.39192057188622,138.72485306369583,Sib,671.7966292836538,14.515242383426994,69.27171451215612
45,Xi_Sib_Iron_0.4_50.9_92.95_45,0.8463512339,1,Iron,0.399590395399945,50.8974517538983,92.94686836473215,Sib,608.8936723738229,7.631615588799832,9.873017789504916
46,Xi_Sib_Proton_0.458_77.0_286.7_46,0.2500576280,1,Proton,0.4575075036050393,76.96198837764906,286.7361061803391,Sib,712.3030968381786,13.033391865484191,50.71940353608269
47,Xi_Sib_Iron_0.0609_87.5_250.3_47,0.0273590339,1,Iron,0.06093756565170655,87.49402183050064,250.25273593566385,Sib,561.5233358541979,20.225885064901377,285.217855049849
48,Xi_Sib_Proton_2.73_52.6_292.4_48,0.8726492792,1,Proton,2.7291814996984387,52.55061331579236,292.3726686702833,Sib,757.2898802826287,6.330107511901588,8.102589194445098
49,Xi_Sib_Iron_0.0587_80.8_203.9_49,0.0132019841,1,Iron,0.05869107367111564,80.78086395888727,203.88671255110617,Sib,560.5771791549939,16.35358594135596,89.52150306567658
50,Xi_Sib_Proton_0.114_84.9_224.1_50,0.2210112534,1,Proton,0.11367192700848486,84.92285168700641,224.10016002852876,Sib,677.227886897895,17.642891780966238,160.83931118105022
51,Xi_Sib_Iron_0.0437_85.5_333.0_51,0.5288975418,1,Iron,0.04374730376354642,85.51980029166428,333.0254008097611,Sib,553.1751749197331,19.222105107322932,191.59852172286838
52,Xi_Sib_Proton_0.042_62.5_47.25_52,0.5756956013,1,Proton,0.04197559492001735,62.490260363405895,47.25459025222863,Sib,652.1338178862914,9.265318036336794,16.989681809580876
53,Xi_Sib_Iron_0.15_86.2_129.4_53,0.5528706193,1,Iron,0.15005758653886572,86.15953934701768,129.36572807713395,Sib,584.2229615156423,19.279411304763926,213.77905772554823
54,Xi_Sib_Proton_2.7_64.9_126.6_54,0.0764346971,1,Proton,2.700257272387236,64.94720461255466,126.64506654479382,Sib,757.0214983752962,8.834626476939775,17.510565416227237
55,Xi_Sib_Iron_0.122_81.7_24.84_55,0.1725000250,1,Iron,0.12177383909655067,81.6769621982499,24.836511494429846,Sib,578.9621318848689,16.64256808819482,100.00472357333409
56,Xi_Sib_Proton_3.98_82.7_348.7_56,0.9982063847,1,Proton,3.9802291794525213,82.68358904473173,348.6668886241986,Sib,766.7946685956889,15.498026221524015,104.1440404572531
57,Xi_Sib_Iron_0.793_57.2_230.9_57,0.8861933967,1,Iron,0.79321572514465,57.15393593172422,230.92252975340782,Sib,626.1646962880493,8.47270468093484,13.022738878135572
58,Xi_Sib_Proton_0.097_86.7_93.92_58,0.2208745559,1,Proton,0.09696088363962214,86.68103214234186,93.9192422078561,Sib,673.2226007539357,18.746521518242844,228.97428270954543
59,Xi_Sib_Iron_0.296_82.6_23.31_59,0.3338676166,1,Iron,0.2962979254877767,82.64585013915385,23.31021954297451,Sib,601.360259426622,16.965310980166578,113.81069475466845
60,Xi_Sib_Proton_0.475_87.8_359.7_60,0.5992048496,1,Proton,0.47476981345601965,87.83180443287146,359.66336900393685,Sib,713.23601968956,19.00098384595094,290.65852579865896
61,Xi_Sib_Iron_1.62_85.0_317.8_61,0.9928768882,1,Iron,1.6191356643180865,84.98187397087204,317.78796018490476,Sib,644.1384278615362,17.980199510012426,165.29021578072798
62,Xi_Sib_Proton_0.134_82.9_64.8_62,0.6952636393,1,Proton,0.13436162709238236,82.94067164525538,64.80068985653924,Sib,681.4399647563964,16.374900832393905,113.73377126004208
63,Xi_Sib_Iron_0.638_74.1_91.4_63,0.8406211809,1,Iron,0.6377652581797282,74.0713137916172,91.39799215319916,Sib,620.6703297443082,12.768767207393466,40.98199527309916
64,Xi_Sib_Proton_0.0549_85.5_77.75_64,0.9639563406,1,Proton,0.05486730309886891,85.51942142228077,77.75048560576992,Sib,658.8801895990136,18.17980503880517,181.85772948466078
65,Xi_Sib_Iron_0.507_81.0_337.2_65,0.0201143807,1,Iron,0.5066638334376465,81.01726816756856,337.2254136316706,Sib,614.8737544718618,15.906899453494589,89.03368543595134
66,Xi_Sib_Proton_0.277_55.6_52.6_66,0.7159937234,1,Proton,0.276776948036884,55.64643315242767,52.59573556505466,Sib,699.6435351362004,7.427850594561278,10.671250013923954
67,Xi_Sib_Iron_0.0486_87.5_309.2_67,0.2137566439,1,Iron,0.0485879323683372,87.51312334274114,309.15463637476586,Sib,555.8186482615754,20.29405113426492,287.06808993903985
68,Xi_Sib_Proton_0.157_54.3_313.0_68,0.8153070446,1,Proton,0.15729770150171052,54.30000351493144,312.9886493203902,Sib,685.4098978417107,7.338773534467691,10.167969481148242
69,Xi_Sib_Iron_0.329_61.4_130.0_69,0.9328164205,1,Iron,0.3285460333050069,61.41267860238451,130.03433307181746,Sib,603.9625812304429,9.544861649995255,16.985311301073395
70,Xi_Sib_Proton_0.0581_86.7_183.3_70,0.7822039605,1,Proton,0.05809006627115448,86.70316993884015,183.3259465096313,Sib,660.3179085722103,18.872157923684426,231.26333833483727
71,Xi_Sib_Iron_0.0403_87.3_102.2_71,0.8502473191,1,Iron,0.04034850640839761,87.25722275694719,102.19118783162239,Sib,551.1379928516242,20.2202014782506,272.2998815064694
72,Xi_Sib_Proton_0.124_68.7_60.52_72,0.8936618956,1,Proton,0.12362060336663128,68.69472223593533,60.52022610159081,Sib,679.3412698198332,10.512152421611972,24.962428120581883
73,Xi_Sib_Iron_0.203_73.5_116.2_73,0.1437248371,1,Iron,0.20329764561805388,73.4697382071739,116.18830316138813,Sib,591.8716762489626,12.856085368247477,39.862348981862645
74,Xi_Sib_Proton_0.628_83.2_93.87_74,0.9409832090,1,Proton,0.6275136154629004,83.18320380181319,93.87323938698103,Sib,720.2621428943173,16.18360123788989,115.82701415671703
75,Xi_Sib_Iron_0.0607_79.2_232.5_75,0.2333330831,1,Iron,0.060706785655047314,79.18926012083192,232.45547277958363,Sib,561.4277598130798,15.536589260454093,73.21031898936327
76,Xi_Sib_Proton_3.12_54.6_275.8_76,0.3249292965,1,Proton,3.1157371845703317,54.632290881506464,275.8234067515985,Sib,760.6265274085044,6.651513403314311,9.065363675667028
77,Xi_Sib_Iron_2.21_75.7_94.04_77,0.6661830747,1,Iron,2.2125760071204397,75.67489545909743,94.03533596417853,Sib,652.004095521666,13.06190054498802,46.49104164205184
78,Xi_Sib_Proton_0.0318_62.9_142.0_78,0.1730517872,1,Proton,0.031796017021743665,62.902022969969664,142.00763021551776,Sib,645.1376178068542,9.42759543266493,17.581037113081244
79,Xi_Sib_Iron_0.445_80.9_259.0_79,0.3449307434,1,Iron,0.44498735995409544,80.89940228192819,259.00989002183934,Sib,611.6041651410541,15.87635584347845,87.80438915538855
80,Xi_Sib_Proton_1.59_64.0_301.7_80,0.5857982958,1,Proton,1.5889981205059442,64.01883153694168,301.726485716336,Sib,743.6651562439727,8.730516707488277,16.69316075280365
81,Xi_Sib_Iron_2.3_65.6_317.2_81,0.7510106832,1,Iron,2.304419832589814,65.55198678961241,317.2214628150652,Sib,653.0285730465433,9.962374886940779,20.62196502781087
82,Xi_Sib_Proton_0.302_87.1_248.2_82,0.4882336462,1,Proton,0.30156406597519897,87.14124261253345,248.2094832193718,Sib,701.8040162346917,18.75662934061529,250.08751213928062
83,Xi_Sib_Iron_0.0548_70.1_131.4_83,0.6953982070,1,Iron,0.054837783489724415,70.10907694928284,131.40735199350576,Sib,558.8666337679049,12.148689947284765,31.39175190044596
84,Xi_Sib_Proton_0.111_85.1_33.38_84,0.4607185891,1,Proton,0.1108206228349908,85.08455929335643,33.38015657478531,Sib,676.5879940260609,17.750214089482142,165.86817788976495
85,Xi_Sib_Iron_0.0639_79.7_148.5_85,0.8009526077,1,Iron,0.06392241783174987,79.67246007419108,148.48701307221097,Sib,562.7278852274312,15.759310813604316,77.55431132770333
86,Xi_Sib_Proton_0.121_79.1_67.03_86,0.0429994415,1,Proton,0.12121702802272132,79.09927834269226,67.03219966116617,Sib,678.846690647333,14.30692648463355,66.48668710767461
87,Xi_Sib_Iron_0.0645_87.9_112.3_87,0.0453303928,1,Iron,0.0644796423191436,87.87472721020022,112.3461656964514,Sib,562.9465119419916,20.380430670191345,309.6753068906411
88,Xi_Sib_Proton_0.191_64.5_224.1_88,0.7687852204,1,Proton,0.19119686039514683,64.47549109415377,224.1082541304656,Sib,690.3258838791493,9.338733489138576,18.373734389071238
89,Xi_Sib_Iron_2.24_82.6_156.1_89,0.7517649634,1,Iron,2.2390832223855495,82.64551449389997,156.05841591650307,Sib,652.3040736742855,16.46622339178157,110.3700627763239
90,Xi_Sib_Proton_1.34_76.5_226.1_90,0.9825937086,1,Proton,1.3404154317659909,76.47937090114849,226.053231491158,Sib,739.3798863068046,12.596162273966911,47.18361975804422
91,Xi_Sib_Iron_0.661_74.2_112.3_91,0.1291591387,1,Iron,0.6607810159662928,74.19990708512665,112.34775680197832,Sib,621.5633383260532,12.806088568931955,41.43352683949696
92,Xi_Sib_Proton_0.978_54.8_215.5_92,0.4969703069,1,Proton,0.9776927129943299,54.826072868792586,215.4640920191117,Sib,731.4317379404586,6.966733098404802,9.654977556572241
93,Xi_Sib_Iron_0.199_72.2_103.5_93,0.0077059342,1,Iron,0.19858406674505644,72.23732106736131,103.52253809895058,Sib,591.280775213947,12.447923535411974,35.91345938855788
94,Xi_Sib_Proton_0.337_85.3_307.0_94,0.8643028706,1,Proton,0.33692657682027705,85.28720087037694,307.0224446521822,Sib,704.5970456337797,17.63530014263688,170.19288451387837
95,Xi_Sib_Iron_0.0612_68.0_39.89_95,0.7056393777,1,Iron,0.061237728796362766,67.97487876990735,39.891182764028656,Sib,561.6471063545345,11.524775321670859,26.86885802395728
96,Xi_Sib_Proton_0.439_86.9_213.9_96,0.4479387316,1,Proton,0.43925280202349765,86.92579464329022,213.9254184629272,Sib,711.2774433530718,18.56250637154335,237.75124354190703
97,Xi_Sib_Iron_0.0587_85.5_308.4_97,0.4710561884,1,Iron,0.05869251666704259,85.52806319564107,308.3905670976459,Sib,560.577798453478,19.14778427769852,191.16352538598238
98,Xi_Sib_Proton_0.0369_83.9_241.8_98,0.0588492842,1,Proton,0.036882365176668826,83.85171927836598,241.77504278398195,Sib,648.8754882845617,17.230435892999594,134.69862686851673
99,Xi_Sib_Iron_0.108_87.9_239.6_99,0.7797402131,1,Iron,0.10774545779909109,87.90443469366122,239.63995705253976,Sib,575.8791403043334,20.261833582962026,310.1624666635787
100,Xi_Sib_Proton_0.075_87.8_190.5_100,0.8238241065,1,Proton,0.0750175675781857,87.82347586689252,190.45131524957708,Sib,666.7594527342371,19.38402228422001,294.7329772355961
101,Xi_Sib_Iron_2.47_82.2_173.5_101,0.3366077882,1,Iron,2.474739228342876,82.22273152647738,173.45034291802259,Sib,654.8247076707731,16.19456351648114,103.27129303013189
102,Xi_Sib_Proton_0.204_86.4_46.96_102,0.2667016383,1,Proton,0.2041530244321489,86.36519552273514,46.95955232113003,Sib,691.9774374542965,18.40305186788828,212.61175227552633
103,Xi_Sib_Iron_0.0782_65.2_269.2_103,0.5067271114,1,Iron,0.07815466822427412,65.19208666647499,269.1835766574484,Sib,567.7913855800899,10.765481899326005,22.245086971615848
104,Xi_Sib_Proton_2.09_72.1_123.0_104,0.1397607242,1,Proton,2.0913019763276193,72.14000712724976,123.03169518964086,Sib,750.5841713767187,10.90820085370342,30.78313020041251
105,Xi_Sib_Iron_0.369_86.8_46.72_105,0.6342206898,1,Iron,0.3690629387178463,86.77395577081475,46.719569498597394,Sib,606.8918252621753,19.404983341321895,240.05158225882977
106,Xi_Sib_Proton_0.0512_77.2_20.81_106,0.5454855474,1,Proton,0.05120091246722572,77.15088370791034,20.80852960438973,Sib,657.1381066429478,13.620299219737717,53.976012302706465
107,Xi_Sib_Iron_3.26_87.1_35.51_107,0.4377919222,1,Iron,3.2641703191785747,87.06360940391956,35.510058757203964,Sib,661.7988230648796,19.056265300013365,249.66773021103705
108,Xi_Sib_Proton_0.0972_56.7_245.7_108,0.2542129723,1,Proton,0.09715494557277622,56.65534292256523,245.74013514476349,Sib,673.2729649431712,7.879848845665947,11.774731635464876
109,Xi_Sib_Iron_2.16_56.7_99.61_109,0.0860357794,1,Iron,2.1552784478143585,56.69969824639669,99.61407689018716,Sib,651.3431963946709,8.118233904335284,12.221716842887039
110,Xi_Sib_Proton_0.464_87.7_330.5_110,0.2034527178,1,Proton,0.4635872115960536,87.70385619305046,330.4591884873719,Sib,712.6356239326677,18.947843361234845,282.4040541468394
111,Xi_Sib_Iron_0.137_85.9_129.6_111,0.7298659215,1,Iron,0.13748531007658316,85.88645259990004,129.56950648339523,Sib,582.0188652542056,19.140199154014226,202.706844494169
112,Xi_Sib_Proton_1.4_87.8_13.34_112,0.7982398887,1,Proton,1.4018714325909358,87.80367335991475,13.336782189111958,Sib,740.5090747739974,18.77333468006873,286.2215349293242
113,Xi_Sib_Iron_0.24_83.7_128.1_113,0.5202734601,1,Iron,0.23969638714630534,83.66078569822761,128.06553293023876,Sib,596.0203663112635,17.62944329237962,134.347374456171
114,Xi_Sib_Proton_3.05_87.9_93.85_114,0.3515075207,1,Proton,3.0491932472631884,87.86227215345838,93.84617022582326,Sib,760.0827270600631,18.65025380870611,288.27432671081004
115,Xi_Sib_Iron_0.348_87.3_56.7_115,0.9389149112,1,Iron,0.34750938089513966,87.3386769665501,56.699197036980394,Sib,605.3760588973653,19.71481877093538,270.95050292069817
116,Xi_Sib_Proton_0.454_59.6_1.907_116,0.6601411633,1,Proton,0.4544293659913448,59.568877143434364,1.9068381482601726,Sib,712.1330505301586,8.050340668184617,13.110159892923479
117,Xi_Sib_Iron_1.09_86.7_295.9_117,0.3525735994,1,Iron,1.085105063384632,86.69684495194127,295.8870691574343,Sib,634.0573638210376,19.10604514334682,233.4852240264122
118,Xi_Sib_Proton_0.119_82.5_102.6_118,0.6657203191,1,Proton,0.11878968180548387,82.47404605465115,102.60669726424975,Sib,678.337165702924,16.1247921005006,105.84288174581977
119,Xi_Sib_Iron_0.427_57.6_75.19_119,0.5383140789,1,Iron,0.42717737683161094,57.610509454027394,75.18864156983163,Sib,610.5752781834166,8.728564729460231,13.661598212669901
120,Xi_Sib_Proton_0.391_84.5_328.0_120,0.1689008344,1,Proton,0.3910446104076154,84.45515822328602,328.0053564204051,Sib,708.3491256655996,17.07776507633389,145.30793652224617
121,Xi_Sib_Iron_1.57_86.8_289.1_121,0.9372736809,1,Iron,1.5670692693697434,86.81457230135923,289.0699399836513,Sib,643.3151152560132,19.08658038433714,238.44717110675566
122,Xi_Sib_Proton_0.328_80.5_42.56_122,0.3169132906,1,Proton,0.3276524423656867,80.47154671238928,42.559129664148415,Sib,703.8939777564588,14.776207017263005,78.00539567412683
123,Xi_Sib_Iron_0.674_86.2_315.1_123,0.6265489263,1,Iron,0.67418771042156,86.2113395958618,315.091588538073,Sib,622.0692882342478,18.939220506711536,212.28881314302774
124,Xi_Sib_Proton_0.668_84.5_78.84_124,0.6311009472,1,Proton,0.6680389037619119,84.4897862759873,78.84289056206997,Sib,721.8385017718371,16.986057256417553,145.26988934149338
125,Xi_Sib_Iron_2.5_65.4_293.5_125,0.6380361111,1,Iron,2.496060594594355,65.43882621923338,293.47343047462726,Sib,655.0407971984241,9.914198108668643,20.41832503880117
126,Xi_Sib_Proton_1.76_72.1_17.12_126,0.7345729631,1,Proton,1.7641269640554773,72.10411331296392,17.116229223537253,Sib,746.2987306071643,10.932726729596652,30.803023657945616
127,Xi_Sib_Iron_0.107_87.6_174.2_127,0.7411160450,1,Iron,0.10707021982649455,87.577342546359,174.20984717293115,Sib,575.7207842710693,20.119910613094362,288.7468179552375
128,Xi_Sib_Proton_0.267_85.2_231.2_128,0.0535729492,1,Proton,0.2671153300311882,85.19903783737429,231.1859245037845,Sib,698.7485311746528,17.629572524512696,167.77281499464928
129,Xi_Sib_Iron_0.0445_72.2_290.8_129,0.4772095694,1,Iron,0.04447237080701558,72.22364123732974,290.83872002685274,Sib,553.5892363651474,12.860046609556775,37.214529951838635
130,Xi_Sib_Proton_0.311_87.4_169.5_130,0.0611014490,1,Proton,0.31093140318045537,87.44659773407004,169.52796049807506,Sib,702.5745460318554,18.90658194741536,267.4863491288813
131,Xi_Sib_Iron_0.061_81.4_351.4_131,0.4410176661,1,Iron,0.06099435686598854,81.44912623425614,351.42756884074237,Sib,561.5468000711301,16.70481346244742,97.98935702806695
132,Xi_Sib_Proton_0.116_86.0_323.8_132,0.9342382178,1,Proton,0.1156935035915422,85.95423165539617,323.7859933252311,Sib,677.6719204445578,18.27993471017362,196.58795086037455
133,Xi_Sib_Iron_0.0703_88.0_199.5_133,0.6299772439,1,Iron,0.07029846826157037,87.97346176198702,199.48078304515732,Sib,565.1228600104369,20.398777412186064,316.2064916652632
134,Xi_Sib_Proton_1.37_87.8_155.8_134,0.3185382455,1,Proton,1.374500998224025,87.76654014501828,155.80623535541616,Sib,740.0124134558519,18.76032276192109,283.8511015342423
135,Xi_Sib_Iron_1.41_87.8_299.5_135,0.9484172909,1,Iron,1.407509362851828,87.75062452706982,299.47447584105686,Sib,640.6101749644549,19.581865492787983,292.6698107811434
136,Xi_Sib_Proton_0.356_73.2_225.7_136,0.8644153601,1,Proton,0.3562108337722508,73.16332816831887,225.6928304532501,Sib,705.9990131880064,11.636793791929449,35.038430016621405
137,Xi_Sib_Iron_1.1_86.6_73.84_137,0.2295801638,1,Iron,1.0955717769795843,86.57653911761966,73.83587630241968,Sib,634.299168480316,19.036003478972816,227.64931349287426
138,Xi_Sib_Proton_0.585_77.4_53.38_138,0.7214686171,1,Proton,0.5852381687415493,77.43350519395959,53.37587350699017,Sib,718.5052932764899,13.18293547072426,53.18628428452186
139,Xi_Sib_Iron_0.133_87.4_174.6_139,0.7457014360,1,Iron,0.13268417183177958,87.41187890765886,174.61347134970316,Sib,581.1235088481077,19.987770040597752,277.97277612618404
140,Xi_Sib_Proton_2.86_86.8_254.4_140,0.7280483947,1,Proton,2.858090146672225,86.83776456593668,254.3707306075949,Sib,758.4524035166108,18.139977530492615,229.162959765912
141,Xi_Sib_Iron_1.79_87.9_53.97_141,0.6815422327,1,Iron,1.7925365806806963,87.8667203141933,53.96678946608541,Sib,646.7011455759441,19.57834388941501,299.7071986938741
142,Xi_Sib_Proton_2.62_67.8_75.62_142,0.3075028923,1,Proton,2.6198098670691365,67.77098914409117,75.617822830243,Sib,756.2596468631926,9.572828911833312,21.521339841464364
143,Xi_Sib_Iron_0.458_79.7_29.32_143,0.0006742185,1,Iron,0.4579805023492448,79.65072507718943,29.31849034984611,Sib,612.3291253697747,15.221697157161543,74.59091933846778
144,Xi_Sib_Proton_2.21_87.9_329.6_144,0.2148007558,1,Proton,2.2128178836839547,87.91555044831829,329.5853050597951,Sib,752.0068490158196,18.734797026158958,292.5776814102969
145,Xi_Sib_Iron_2.95_79.7_49.36_145,0.1783764087,1,Iron,2.9499637525757563,79.71266567909996,49.36171791637974,Sib,659.2493674199956,14.79256906035971,72.74648411038788
146,Xi_Sib_Proton_0.259_76.1_236.0_146,0.5836876580,1,Proton,0.2586240987351588,76.08659631995128,235.97881913175948,Sib,697.934801433199,12.797934887394149,46.731293244677396
147,Xi_Sib_Iron_0.134_84.8_15.22_147,0.9248265264,1,Iron,0.13364614443425707,84.83945686010046,15.216652534493802,Sib,581.3054731885517,18.50790223814238,166.32382849593404
148,Xi_Sib_Proton_3.01_73.2_196.4_148,0.2070679693,1,Proton,3.012485163543219,73.15826012800625,196.3893353556002,Sib,759.7776451681692,11.171553961474274,33.449368702757866
149,Xi_Sib_Iron_0.658_87.8_336.6_149,0.2128719625,1,Iron,0.6575653961122175,87.79191915729419,336.6118997235618,Sib,621.4404591412159,19.77508970792678,297.4387709348606
150,Xi_Sib_Proton_0.276_86.4_271.9_150,0.8883658683,1,Proton,0.27642119775696067,86.4369055018037,271.94083954379926,Sib,699.6111379796055,18.380809126376334,215.15348036369548
151,Xi_Sib_Iron_0.115_74.2_308.0_151,0.3102410200,1,Iron,0.11469297299871888,74.2109630819631,307.97393721369843,Sib,577.4531350027086,13.274593972642833,43.14504090437607
152,Xi_Sib_Proton_0.0541_68.2_338.5_152,0.0580116994,1,Proton,0.05414817681134838,68.23138608618277,338.54485662079907,Sib,658.5478626246247,10.583817924057257,24.652885338039813
153,Xi_Sib_Iron_0.0841_84.5_214.3_153,0.7711714525,1,Iron,0.08414422041185433,84.498343320728,214.29603977395428,Sib,569.6514088829286,18.419101369698183,157.46025398580935
154,Xi_Sib_Proton_0.0874_84.4_230.6_154,0.9221091459,1,Proton,0.08742427582137666,84.44032357962813,230.63204321553263,Sib,670.6146585241402,17.39836388007552,147.67673228918778
155,Xi_Sib_Iron_2.65_87.8_178.2_155,0.4023806462,1,Iron,2.6540372239588956,87.80002884446365,178.1885192946985,Sib,656.586606564287,19.46206092716693,294.23338150489934
156,Xi_Sib_Proton_1.3_62.8_281.4_156,0.5766064012,1,Proton,1.3021144083087874,62.84342886361693,281.3528679103267,Sib,738.6496503830307,8.50295980959072,15.529423499515884
157,Xi_Sib_Iron_0.502_78.2_307.1_157,0.6974053776,1,Iron,0.5023541813695831,78.22023121790157,307.0655431927664,Sib,614.6585812459526,14.513868031363927,62.787241216967935
158,Xi_Sib_Proton_0.42_85.9_157.9_158,0.7219979870,1,Proton,0.4201449659786579,85.92289897417922,157.87187183564762,Sib,710.1571515325797,17.984112669205388,192.614645968378
159,Xi_Sib_Iron_0.293_78.2_107.9_159,0.1686647859,1,Iron,0.2931909191144199,78.15071629887983,107.86250817664184,Sib,601.0947298669466,14.621898740813776,62.94379190932134
160,Xi_Sib_Proton_0.0914_81.6_80.95_160,0.2470464057,1,Proton,0.09135626478613235,81.59255737665067,80.95108958103246,Sib,671.7228234066707,15.677347883883158,93.1059600638515
161,Xi_Sib_Iron_2.06_73.4_228.4_161,0.7452336695,1,Iron,2.0581071242579276,73.44989277454965,228.44146505384202,Sib,650.181142607799,12.255823560411045,37.750088698808696
162,Xi_Sib_Proton_0.284_86.8_295.6_162,0.4586236199,1,Proton,0.2839854714356141,86.78800205939612,295.6147025800658,Sib,700.2911750940981,18.5765977910969,231.75589195131693
163,Xi_Sib_Iron_0.181_79.0_140.5_163,0.1463145297,1,Iron,0.18065699856961012,79.03241223609368,140.50173816191014,Sib,588.8975778547883,15.162516135193982,70.37338822213499
164,Xi_Sib_Proton_0.379_76.4_12.18_164,0.9502768779,1,Proton,0.37913316263820007,76.38590752275265,12.176203365970814,Sib,707.5699228726515,12.833885926584117,47.856189063035465
165,Xi_Sib_Iron_0.191_79.9_284.0_165,0.3566674465,1,Iron,0.19144290988072296,79.90663903214362,283.98623783567217,Sib,590.35827863526,15.57807991079062,78.249448858645
166,Xi_Sib_Proton_0.37_83.2_146.2_166,0.5919084224,1,Proton,0.3695769443418199,83.21251743480813,146.2206080686903,Sib,706.926882483276,16.315526000216778,117.22710114104497
167,Xi_Sib_Iron_1.21_85.4_285.6_167,0.6853837199,1,Iron,1.2072319715847646,85.44601935007479,285.6328803390737,Sib,636.7438622533624,18.337924516948988,181.1744169176725
168,Xi_Sib_Proton_0.741_64.9_329.7_168,0.0972784422,1,Proton,0.7413513418960297,64.90811121519862,329.6515502303795,Sib,724.4613965239112,9.120799759714828,18.15641053748054
169,Xi_Sib_Iron_2.88_72.9_310.8_169,0.0728640645,1,Iron,2.884654268511501,72.94754180111899,310.8285157362167,Sib,658.6854386346397,12.001366895322462,35.83806276870884
170,Xi_Sib_Proton_0.479_86.9_322.9_170,0.2956432803,1,Proton,0.4789480114471713,86.88582763298574,322.9153417034177,Sib,713.4567257177421,18.522635861668277,235.5034510207665
171,Xi_Sib_Iron_2.59_85.2_45.98_171,0.4502244441,1,Iron,2.5899868081127124,85.22828090457348,45.98071309198201,Sib,655.9712580185081,18.025190747428496,172.16000210123474
172,Xi_Sib_Proton_2.11_72.4_35.44_172,0.5242076947,1,Proton,2.1098908499433793,72.39906251547204,35.437131514958665,Sib,750.8070793453618,10.991138667998712,31.484896849087626
173,Xi_Sib_Iron_0.96_83.5_102.0_173,0.8257118494,1,Iron,0.9599565011348383,83.46655038161673,102.03836012821398,Sib,630.9705901400274,17.163747647592572,127.50269954701791
174,Xi_Sib_Proton_0.772_85.4_3.463_174,0.1991570481,1,Proton,0.7719961226783524,85.3734907810247,3.4627923792103044,Sib,725.4816769085785,17.515573631741063,171.45314869728855
175,Xi_Sib_Iron_0.896_68.7_296.7_175,0.4373265444,1,Iron,0.8964516638490337,68.6901761198361,296.6595779825484,Sib,629.2465589022082,10.996330555571149,26.277077962450875
176,Xi_Sib_Proton_0.995_85.5_83.37_176,0.2885084510,1,Proton,0.9950508301945452,85.48918314337008,83.36686144405468,Sib,731.8750254502181,17.536167415235468,174.90932067700973
177,Xi_Sib_Iron_2.08_73.8_220.1_177,0.7626676506,1,Iron,2.075051497853113,73.77698104767457,220.12323418909577,Sib,650.3876750017266,12.368597926772964,38.870384413670855
178,Xi_Sib_Proton_1.78_87.5_28.32_178,0.3010079375,1,Proton,1.7815627835805075,87.48954150421511,28.32273729173004,Sib,746.5464656451608,18.57797396119804,265.97787906202393
179,Xi_Sib_Iron_0.0468_81.3_0.7518_179,0.9417813598,1,Iron,0.046786175652074845,81.27097289245123,0.7517731892166557,Sib,554.8668177251715,16.681121287271708,96.04323187265744
180,Xi_Sib_Proton_2.59_64.5_140.7_180,0.0497223507,1,Proton,2.5909443591755834,64.49091525997025,140.7410630475162,Sib,755.980569020633,8.732399257796715,16.983431172106044
181,Xi_Sib_Iron_0.0889_86.0_273.1_181,0.2347676526,1,Iron,0.088926638624423,85.98035988199021,273.08821945601255,Sib,571.04384883963,19.3089461077725,207.6008200828185
182,Xi_Sib_Proton_0.149_50.4_105.0_182,0.4604862727,1,Proton,0.14911207797680648,50.37667622708915,105.02755284416733,Sib,684.0637437012379,6.724541763996058,8.344032805448942
183,Xi_Sib_Iron_1.12_73.0_67.17_183,0.7924104645,1,Iron,1.1233915014323477,73.04829293437007,67.17345292108857,Sib,634.9308057761706,12.267589803546798,36.93783645517186
184,Xi_Sib_Proton_0.0612_83.9_346.5_184,0.7853508714,1,Proton,0.06117919419131245,83.9368907657439,346.45310068716805,Sib,661.6230176432213,17.165255495491692,135.7531058860287
185,Xi_Sib_Iron_0.424_67.4_252.3_185,0.5562306621,1,Iron,0.42447259701675,67.37964287639728,252.33961786211745,Sib,610.4152801885449,10.841674052331655,24.444138543606364
186,Xi_Sib_Proton_0.132_80.8_30.01_186,0.8339833146,1,Proton,0.13231773875246208,80.81237836553483,30.011404191637364,Sib,681.0538480823136,15.162619179390276,82.91029590282986
187,Xi_Sib_Iron_0.0342_76.6_299.1_187,0.2820027882,1,Iron,0.03424949990314685,76.58492028989784,299.0959205124985,Sib,547.0099456003394,14.534177232496404,55.623828040823525
188,Xi_Sib_Proton_0.167_74.3_247.1_188,0.0365410846,1,Proton,0.16749344187146029,74.33672084355334,247.13237016435892,Sib,686.9918728121152,12.224551370746667,39.670090304396574
189,Xi_Sib_Iron_0.0682_84.3_1.705_189,0.6775947531,1,Iron,0.06816952069162185,84.30333289604019,1.7047939333069495,Sib,564.3482339449793,18.35540293005488,152.6279305396374
190,Xi_Sib_Proton_0.0658_87.7_261.0_190,0.7041241809,1,Proton,0.06581070186701453,87.66993130567752,261.02759952611353,Sib,663.4611983077926,19.34343826229815,285.0996302042974
191,Xi_Sib_Iron_0.0712_61.9_234.4_191,0.4628859662,1,Iron,0.07120456059373806,61.92298135806286,234.35949983791485,Sib,565.4454530225291,10.079600397198192,18.39754893246775
192,Xi_Sib_Proton_3.93_84.6_149.7_192,0.7468472620,1,Proton,3.93136831542542,84.55195492514189,149.73877090762124,Sib,766.483536524291,16.66452907893654,143.86376319890772
193,Xi_Sib_Iron_1.38_77.7_316.8_193,0.9016812227,1,Iron,1.383759769993682,77.68158571901465,316.82616600544253,Sib,640.1815206127923,14.016150226452737,57.95825330876847
194,Xi_Sib_Proton_1.45_73.2_263.8_194,0.0724747768,1,Proton,1.450280827711046,73.2148831087545,263.76347861857266,Sib,741.3642221342827,11.345906528989872,34.150744856712926
195,Xi_Sib_Iron_0.135_67.1_30.77_195,0.6653212904,1,Iron,0.13494777942495517,67.0890611519403,30.773859549944223,Sib,581.5496130711243,11.074763385689948,24.747134935909926
196,Xi_Sib_Proton_0.0319_63.4_322.1_196,0.0845769597,1,Proton,0.031924459769839174,63.35300733206624,322.05740692412337,Sib,645.2391662947388,9.52705902929938,18.075240811119006
197,Xi_Sib_Iron_0.0759_62.3_23.03_197,0.3671183309,1,Iron,0.07588413884709318,62.31177015982278,23.033926642750785,Sib,567.0487585803301,10.141370841989556,18.765833353272924
198,Xi_Sib_Proton_3.48_87.6_354.7_198,0.3923504572,1,Proton,3.477547568288206,87.60224354433821,354.7320781119188,Sib,763.3938385984393,18.5047218182317,271.3264575019112
199,Xi_Sib_Iron_0.0835_82.9_216.5_199,0.7557252296,1,Iron,0.0834669606152475,82.85944197316518,216.46731706925982,Sib,569.4478467589265,17.425845777630457,119.99761144128489
200,Xi_Sib_Proton_0.798_84.7_38.1_200,0.5058154341,1,Proton,0.7977441010969225,84.70721682090412,38.10447446868041,Sib,726.3080888867338,17.08682023584697,150.89704816747292
201,Xi_Sib_Iron_2.51_67.6_245.0_201,0.3988177963,1,Iron,2.5106582850109525,67.57756592627307,244.98310086574412,Sib,655.1876811924204,10.443947704224229,23.612621482853367
202,Xi_Sib_Proton_0.639_84.1_55.99_202,0.8148186759,1,Proton,0.6389400424147409,84.1166508325925,55.98857026346733,Sib,720.7166861624391,16.75973255072131,135.8911037705708
203,Xi_Sib_Iron_0.0423_84.6_339.5_203,0.8502492652,1,Iron,0.04225089934186524,84.62767628275458,339.5478439507292,Sib,552.298485544608,18.68555342583204,162.68986400018116
204,Xi_Sib_Proton_1.06_68.7_332.8_204,0.1050999412,1,Proton,1.063657493685981,68.7345182223916,332.7595116906046,Sib,733.5545046398308,10.036602890962058,23.707187985701868
205,Xi_Sib_Iron_1.78_86.9_101.7_205,0.0725807634,1,Iron,1.776405616474818,86.88015924186908,101.67068416890676,Sib,646.4734439817219,19.093947483101147,241.48714937883656
206,Xi_Sib_Proton_0.302_86.6_193.3_206,0.9366362330,1,Proton,0.3024810328187671,86.59344425837041,193.34914914482417,Sib,701.8804925405937,18.452775828956874,222.18279580677194
207,Xi_Sib_Iron_0.0355_85.7_14.92_207,0.8424911871,1,Iron,0.03545349020038479,85.74936178181032,14.924134097974374,Sib,547.8802217400341,19.41748146804639,200.76254939121944
208,Xi_Sib_Proton_0.038_87.9_286.5_208,0.0040302968,1,Proton,0.038031466228110725,87.87470740015672,286.45788793326807,Sib,649.6482980078492,19.555652672200267,299.9329643634816
209,Xi_Sib_Iron_0.0386_69.1_16.88_209,0.4745260060,1,Iron,0.0385541803075849,69.10847788352378,16.88408841461225,Sib,549.9921454986313,11.964902099946812,29.460368771098807
210,Xi_Sib_Proton_0.48_54.8_137.9_210,0.1518279310,1,Proton,0.4799521699401029,54.80780686323336,137.8733572157389,Sib,713.5094816527148,7.14070196996181,9.951948591403303
211,Xi_Sib_Iron_0.0444_72.1_203.9_211,0.3766730457,1,Iron,0.044369114838612056,72.1498980185097,203.9477861728077,Sib,553.5306843498205,12.836803726741891,36.99398988551561
212,Xi_Sib_Proton_1.1_64.0_51.47_212,0.2876646143,1,Proton,1.1003526038337148,64.0003916129658,51.46788002609064,Sib,734.4088487782153,8.811000771752333,16.86492568662787
213,Xi_Sib_Iron_0.164_65.6_4.502_213,0.0145306902,1,Iron,0.16383123335902938,65.59573909028906,4.502126714969554,Sib,586.435008642676,10.655357083092895,22.32236838879756
214,Xi_Sib_Proton_0.424_73.6_224.4_214,0.2751715042,1,Proton,0.42368274266289263,73.619091166619,224.44680118118404,Sib,710.3683649377904,11.756128654829809,36.382586832891896
215,Xi_Sib_Iron_1.14_86.0_246.7_215,0.9875974591,1,Iron,1.1400870614742253,86.0107938616901,246.7394990702099,Sib,635.3024049869011,18.695759296725555,202.63923472089263
216,Xi_Sib_Proton_2.1_71.2_122.0_216,0.9497599950,1,Proton,2.0992877508847005,71.21231506498961,121.96999312751063,Sib,750.6801743597712,10.612891733720062,28.429704443100444
217,Xi_Sib_Iron_0.195_87.2_332.7_217,0.3452136641,1,Iron,0.1952960080514827,87.17267372842717,332.67852456289125,Sib,590.8602152385091,19.77254793713837,262.9892766308294
218,Xi_Sib_Proton_0.133_77.2_130.1_218,0.8647172052,1,Proton,0.13324988423966128,77.23930768715402,130.09170097758172,Sib,681.2306767436098,13.43247068603523,53.509588908156594
219,Xi_Sib_Iron_0.0335_81.9_10.91_219,0.7309729843,1,Iron,0.03351676810093036,81.89843177957086,10.914111247027707,Sib,546.4652038040429,17.12375352797426,105.5120444180268
220,Xi_Sib_Proton_0.84_86.9_30.85_220,0.4929190002,1,Proton,0.8395324378572195,86.88477780833225,30.84750981869287,Sib,727.5941739020564,18.40789293841135,234.19466490812817
221,Xi_Sib_Iron_0.0455_72.3_276.1_221,0.6725818464,1,Iron,0.045529463816328046,72.27613924470988,276.11617175325495,Sib,554.1809670771347,12.870368666285685,37.352520181685605
222,Xi_Sib_Proton_0.0821_82.9_218.4_222,0.4925018404,1,Proton,0.0821368046807834,82.87330440305317,218.42329105772333,Sib,669.0431926173006,16.446749611165615,113.30604868689312
223,Xi_Sib_Iron_0.835_80.7_254.5_223,0.6353286338,1,Iron,0.8353202001684231,80.66796579855436,254.50253829247873,Sib,627.4674730649673,15.593786783985706,84.19897354407031
224,Xi_Sib_Proton_0.0367_87.2_313.4_224,0.8446707325,1,Proton,0.03674516391607206,87.17248756905167,313.42224378446633,Sib,648.7816109654314,19.22878789364586,256.92919897786726
225,Xi_Sib_Iron_0.225_65.1_310.4_225,0.4189536581,1,Iron,0.22534589614799513,65.07640326406504,310.35357676395375,Sib,594.4652798967413,10.447135915970648,21.398741271657038
226,Xi_Sib_Proton_0.0393_73.4_26.99_226,0.7945670462,1,Proton,0.039322845855760395,73.38636950932332,26.986966900374618,Sib,650.4894065703054,12.230775534805616,37.52665432569607
227,Xi_Sib_Iron_2.42_67.0_241.8_227,0.7053673872,1,Iron,2.4207422457754393,67.03400314348616,241.76185005509308,Sib,654.2690158638638,10.31348714649448,22.756115091238165
228,Xi_Sib_Proton_0.409_64.0_239.1_228,0.2691631271,1,Proton,0.40943693036390005,63.97289075802519,239.08125766638716,Sib,709.506846728297,9.037088240405865,17.36116274037621
229,Xi_Sib_Iron_0.967_85.3_120.8_229,0.0157492471,1,Iron,0.9668717468099565,85.29808535688758,120.75386107912644,Sib,631.1513944480937,18.298997178504578,176.5826874689574
230,Xi_Sib_Proton_1.21_79.4_285.7_230,0.6465619396,1,Proton,1.214659324751478,79.42500958404572,285.65903376062556,Sib,736.8983603347124,13.954886344658007,66.58268386691175
231,Xi_Sib_Iron_0.587_71.8_226.0_231,0.4097728834,1,Iron,0.5867893485910679,71.7638776082494,225.96281873542247,Sib,618.5719688715303,12.010277180004778,33.65013575945136
232,Xi_Sib_Proton_0.867_58.6_205.8_232,0.5385159471,1,Proton,0.8665530424623709,58.56126046756788,205.80327215482154,Sib,728.3921187814905,7.691153109132756,12.045695435426586
233,Xi_Sib_Iron_1.78_80.1_313.4_233,0.8256973189,1,Iron,1.7838996292308784,80.13114298454289,313.42228303329,Sib,646.5794840834626,15.126426467531928,77.42881420566181
234,Xi_Sib_Proton_0.547_55.5_306.2_234,0.7848906063,1,Proton,0.5471853579326739,55.491815957986766,306.2358417781677,Sib,716.81179912275,7.228428022234766,10.278126152721644
235,Xi_Sib_Iron_0.0697_59.9_19.38_235,0.8432364565,1,Iron,0.06973079775082278,59.94831094904226,19.376075657947265,Sib,564.9186287576247,9.690813410003102,16.5237545541773
236,Xi_Sib_Proton_1.48_77.3_185.7_236,0.9299056169,1,Proton,1.4849544158716421,77.29785020535499,185.72559319108035,Sib,741.9593610863809,12.922177787517285,51.50230551751528
237,Xi_Sib_Iron_2.78_85.2_309.2_237,0.7701806585,1,Iron,2.783706880912806,85.2029689608365,309.2168284308922,Sib,657.7881631714323,17.992863367151585,171.18137406771737
238,Xi_Sib_Proton_0.782_86.9_259.1_238,0.8663276442,1,Proton,0.7823800051704365,86.94926953862442,259.14128473801907,Sib,725.8182290888114,18.457775030254197,237.66572270653
239,Xi_Sib_Iron_0.375_75.6_345.3_239,0.2141520025,1,Iron,0.3749519742363378,75.62622735749316,345.30243783557796,Sib,607.2905873888179,13.490067314768567,48.019255659104424
240,Xi_Sib_Proton_0.548_84.9_125.4_240,0.2535758754,1,Proton,0.5475505054430556,84.88183965129609,125.4003747586891,Sib,716.8286026832826,17.276381815310742,156.61470061383008
241,Xi_Sib_Iron_0.0496_87.9_84.47_241,0.5632364515,1,Iron,0.04960700028803387,87.90536572235457,84.46779172955692,Sib,556.3414920423371,20.461261002275023,312.5632905138875
242,Xi_Sib_Proton_2.49_51.5_210.2_242,0.7131418535,1,Proton,2.4862239185959676,51.456657413932305,210.21390951330656,Sib,754.9413339343502,6.176339192810701,7.660848455348307
243,Xi_Sib_Iron_0.177_77.7_356.0_243,0.3360832536,1,Iron,0.17688902550053626,77.72847080517498,356.03032034006253,Sib,588.3666515833849,14.566245327828256,60.651710967156376
244,Xi_Sib_Proton_0.0589_81.0_301.9_244,0.5487982813,1,Proton,0.05893419178230465,81.02593426284025,301.86481282023396,Sib,660.681305258124,15.46638590835937,86.51132135981914
245,Xi_Sib_Iron_0.987_87.9_275.7_245,0.5418851440,1,Iron,0.9869000354710096,87.90407115621906,275.7146825833352,Sib,631.6678435457859,19.729465744895606,303.83925561382074
246,Xi_Sib_Proton_3.51_81.8_168.7_246,0.7328856064,1,Proton,3.507578744593825,81.84212564051539,168.70200053896096,Sib,763.610430919873,15.028586954706043,91.51463948716152
247,Xi_Sib_Iron_0.861_79.4_184.0_247,0.3500297857,1,Iron,0.8605007326669383,79.41040653892945,183.96158185836092,Sib,628.2155721775512,14.942765605786917,71.58346367564602
248,Xi_Sib_Proton_3.45_71.9_96.63_248,0.2059316359,1,Proton,3.4453905883956515,71.88192432926502,96.63079158947991,Sib,763.1598308564211,10.71981770910861,29.767879368192823
249,Xi_Sib_Iron_0.498_84.2_318.4_249,0.7686495290,1,Iron,0.4982496849021771,84.1968370374312,318.36395599352386,Sib,614.4519278977984,17.774777587126664,145.6859064202018
