EventNumber,EventName,RandomSeed,EventWeight,Primary [Type],Energy [GeV],Zenith [Deg],"Azimuth [Deg, Geomagnetic]",Model
0,Xi_Sib_Proton_0.288_75.1_226.3_0,0.3918872317,1,Proton,0.28820502083974936,75.12602947705146,226.34769583594354,Sib
1,Xi_Sib_Iron_0.236_82.3_107.4_1,0.5948628624,1,Iron,0.23587607487247342,82.26350588032189,107.41166610625451,Sib
2,Xi_Sib_Proton_0.322_86.3_62.36_2,0.5803989936,1,Proton,0.32152343714978326,86.27617011870393,62.35795371804718,Sib
3,Xi_Sib_Iron_1.02_66.6_190.5_3,0.6506007167,1,Iron,1.018078484208393,66.5845521076471,190.514365377703,Sib
4,Xi_Sib_Proton_0.548_75.6_271.4_4,0.8713445142,1,Proton,0.5481162690238217,75.60677663003007,271.43026305082697,Sib
5,Xi_Sib_Iron_0.174_84.8_147.8_5,0.9279351660,1,Iron,0.17372531493638005,84.80417504492227,147.81598089401962,Sib
6,Xi_Sib_Proton_0.0503_79.9_54.54_6,0.1270786234,1,Proton,0.05028083686128652,79.85197517830366,54.54337921012099,Sib
7,Xi_Sib_Iron_1.84_80.6_106.9_7,0.6291484687,1,Iron,1.8397392262571322,80.64706914148867,106.94988822138828,Sib
8,Xi_Sib_Proton_2.68_78.2_194.2_8,0.4799998240,1,Proton,2.6842709933545326,78.18676579296054,194.20751288160565,Sib
9,Xi_Sib_Iron_0.48_81.9_322.0_9,0.3357600487,1,Iron,0.4802522582493479,81.92734304916672,322.01264960768765,Sib
10,Xi_Sib_Proton_0.78_72.7_19.24_10,0.8105765576,1,Proton,0.7803130941795283,72.74674247712007,19.241506747958628,Sib
11,Xi_Sib_Iron_0.252_88.0_242.0_11,0.1092978159,1,Iron,0.25210734396539364,87.95867678025759,241.99695059501752,Sib
12,Xi_Sib_Proton_0.389_84.8_212.0_12,0.1291324333,1,Proton,0.3891497674246151,84.79829362011282,212.0085081254955,Sib
13,Xi_Sib_Iron_0.479_86.6_318.2_13,0.4858006351,1,Iron,0.4792521475330425,86.63479802748559,318.2485901995767,Sib
14,Xi_Sib_Proton_1.28_64.1_103.4_14,0.3165114255,1,Proton,1.2794368568732928,64.12279340200232,103.36431231845935,Sib
15,Xi_Sib_Iron_0.0484_85.1_114.4_15,0.3042712218,1,Iron,0.04835951091708794,85.07978251577522,114.3604533096437,Sib
16,Xi_Sib_Proton_0.0659_85.8_81.84_16,0.0857398437,1,Proton,0.06593805955699511,85.84226428247517,81.84147266071591,Sib
17,Xi_Sib_Iron_0.0774_65.5_288.0_17,0.6745380304,1,Iron,0.07743442120093068,65.53308641962785,287.97287651502364,Sib
18,Xi_Sib_Proton_0.792_83.9_150.5_18,0.4808472019,1,Proton,0.7920127511391384,83.85636227527299,150.47756092914392,Sib
19,Xi_Sib_Iron_0.204_86.0_283.6_19,0.9267833944,1,Iron,0.20375974715069142,85.96871562334462,283.6424764160099,Sib
20,Xi_Sib_Proton_2.74_81.0_166.4_20,0.0021729317,1,Proton,2.7350223635372153,80.95393142482462,166.41309039943062,Sib
21,Xi_Sib_Iron_0.329_66.3_36.17_21,0.5598835563,1,Iron,0.3294038073058788,66.34310432057144,36.16907335519306,Sib
22,Xi_Sib_Proton_2.99_68.2_249.9_22,0.1992804741,1,Proton,2.989985928342877,68.17016153880404,249.90637427032772,Sib
23,Xi_Sib_Iron_1.23_60.0_252.5_23,0.9144267737,1,Iron,1.232139908647622,60.046328370945865,252.49282020815662,Sib
24,Xi_Sib_Proton_0.075_86.1_318.4_24,0.3874610506,1,Proton,0.07501660233992793,86.08623220296012,318.38091625825314,Sib
25,Xi_Sib_Iron_0.0635_72.0_90.79_25,0.2209248689,1,Iron,0.06354026245926024,72.04980149031097,90.78582737758083,Sib
26,Xi_Sib_Proton_0.0532_69.8_127.9_26,0.3952656263,1,Proton,0.05320212324117905,69.75363795529486,127.91493260182618,Sib
27,Xi_Sib_Iron_2.35_50.6_47.49_27,0.9183114769,1,Iron,2.3520570398508496,50.55175376728112,47.488462708803226,Sib
28,Xi_Sib_Proton_1.43_81.6_243.4_28,0.8478397572,1,Proton,1.4269560395290073,81.57870374290411,243.35939762133498,Sib
29,Xi_Sib_Iron_0.132_85.2_67.32_29,0.7702964751,1,Iron,0.13183695353007832,85.16873745344529,67.31506093951919,Sib
30,Xi_Sib_Proton_0.0388_83.4_231.1_30,0.7694879799,1,Proton,0.03882961212089783,83.37280667801687,231.0910659552836,Sib
31,Xi_Sib_Iron_0.16_87.0_9.729_31,0.5006157647,1,Iron,0.16021116919230957,86.98973692681032,9.728922837393682,Sib
32,Xi_Sib_Proton_1.66_81.3_70.52_32,0.9951372393,1,Proton,1.6571580662249306,81.28349731864542,70.5226733318219,Sib
33,Xi_Sib_Iron_0.0469_84.7_133.4_33,0.7693369952,1,Iron,0.046875598165817295,84.661772260915,133.38514155417099,Sib
34,Xi_Sib_Proton_0.595_68.9_145.0_34,0.8425695484,1,Proton,0.5950883768544805,68.86628299430681,144.9735114827488,Sib
35,Xi_Sib_Iron_0.11_81.3_66.72_35,0.2088284229,1,Iron,0.11023994474950931,81.33796378601421,66.72367401571422,Sib
36,Xi_Sib_Proton_0.0489_87.0_317.7_36,0.7868799410,1,Proton,0.04892903723506585,87.03678363095074,317.7366614875584,Sib
37,Xi_Sib_Iron_0.488_71.1_204.6_37,0.3863183618,1,Iron,0.48818842489053693,71.06256511104807,204.6476216561802,Sib
38,Xi_Sib_Proton_0.0411_74.4_270.7_38,0.2500779267,1,Proton,0.0411371377242136,74.42937336789596,270.71662157921736,Sib
39,Xi_Sib_Iron_0.0524_81.2_19.81_39,0.7065272221,1,Iron,0.05241244807678609,81.1932266359576,19.80910875310384,Sib
40,Xi_Sib_Proton_0.0318_86.0_305.3_40,0.0908534488,1,Proton,0.031813850808603786,86.03780004106011,305.2746372652631,Sib
41,Xi_Sib_Iron_0.0503_85.3_206.7_41,0.0160738729,1,Iron,0.050272816017915826,85.3296463082801,206.68738560420945,Sib
42,Xi_Sib_Proton_0.76_78.2_108.8_42,0.2319881404,1,Proton,0.7604800336073282,78.23334024857243,108.75385984833065,Sib
43,Xi_Sib_Iron_0.128_51.4_167.2_43,0.3095456190,1,Iron,0.12752701060298682,51.397871126412745,167.23870209976266,Sib
44,Xi_Sib_Proton_0.171_86.8_126.3_44,0.5817784415,1,Proton,0.17095587844820323,86.78950153030168,126.32392358510114,Sib
45,Xi_Sib_Iron_3.28_75.7_344.5_45,0.0879306689,1,Iron,3.2780166696776485,75.72706052201256,344.4516506310685,Sib
46,Xi_Sib_Proton_0.0332_57.2_165.6_46,0.7426668006,1,Proton,0.03316152971161184,57.163295632079624,165.62415936256969,Sib
47,Xi_Sib_Iron_0.705_87.3_290.8_47,0.8435246653,1,Iron,0.704557595189289,87.33587317645745,290.7786646774741,Sib
48,Xi_Sib_Proton_0.0539_63.6_184.6_48,0.8505678333,1,Proton,0.05394604146099772,63.622247634857764,184.6413597996568,Sib
49,Xi_Sib_Iron_0.0325_84.4_324.9_49,0.6854162650,1,Iron,0.0325307380716336,84.40772878538795,324.9280581406491,Sib
50,Xi_Sib_Proton_0.0749_81.9_262.4_50,0.0985344556,1,Proton,0.074878825192727,81.88460166464053,262.40622856771887,Sib
51,Xi_Sib_Iron_2.71_69.6_131.0_51,0.8047168260,1,Iron,2.7062918094634543,69.59001416964456,131.0342881260956,Sib
52,Xi_Sib_Proton_0.143_84.5_131.6_52,0.8393017952,1,Proton,0.1432412719173314,84.53066015352405,131.5629950637937,Sib
53,Xi_Sib_Iron_0.996_66.8_215.0_53,0.4238162827,1,Iron,0.9956956295591864,66.84140377289783,215.03364493524475,Sib
54,Xi_Sib_Proton_0.261_85.8_269.2_54,0.3511526342,1,Proton,0.26110343946962644,85.82413710559078,269.23340036070294,Sib
55,Xi_Sib_Iron_0.765_74.6_45.17_55,0.3035419790,1,Iron,0.764936073922773,74.61155894776648,45.16895048219869,Sib
56,Xi_Sib_Proton_0.0502_87.2_156.6_56,0.1170511441,1,Proton,0.05020990176680826,87.23497800297103,156.59710561590805,Sib
57,Xi_Sib_Iron_0.0371_87.4_186.1_57,0.6671204779,1,Iron,0.037111786622176124,87.35875196986841,186.08977720039024,Sib
58,Xi_Sib_Proton_0.156_87.2_283.5_58,0.6716851351,1,Proton,0.15565656586892535,87.15437465285929,283.46171710225224,Sib
59,Xi_Sib_Iron_0.0446_80.3_54.03_59,0.3229060112,1,Iron,0.044624261503816084,80.25315500043773,54.03274067405351,Sib
60,Xi_Sib_Proton_0.0353_82.7_36.61_60,0.8787086293,1,Proton,0.03531427020036968,82.68413169831285,36.60551603888898,Sib
61,Xi_Sib_Iron_3.39_73.3_142.5_61,0.0514051304,1,Iron,3.3906878019520343,73.31323645138501,142.49217950922284,Sib
62,Xi_Sib_Proton_1.48_79.4_110.1_62,0.3678310252,1,Proton,1.4843496637234137,79.41657146062751,110.13057877749455,Sib
63,Xi_Sib_Iron_0.236_86.8_87.98_63,0.7192498785,1,Iron,0.23554722471267284,86.77213692226488,87.97837191035461,Sib
64,Xi_Sib_Proton_0.135_80.1_180.6_64,0.2135955897,1,Proton,0.13480034272425534,80.10973425241284,180.5613694401225,Sib
65,Xi_Sib_Iron_0.22_86.2_305.7_65,0.4431417959,1,Iron,0.21995999372232555,86.20414607721295,305.73305033275716,Sib
66,Xi_Sib_Proton_2.63_86.5_109.4_66,0.8029405838,1,Proton,2.632964776762775,86.53651574537004,109.43566843555041,Sib
67,Xi_Sib_Iron_0.239_86.7_219.4_67,0.4405423943,1,Iron,0.2394282276107988,86.6706339201043,219.44333784313852,Sib
68,Xi_Sib_Proton_0.0589_87.4_291.9_68,0.4476871961,1,Proton,0.058887196040761675,87.37325729995155,291.8763519876304,Sib
69,Xi_Sib_Iron_0.349_64.4_29.64_69,0.1402619566,1,Iron,0.348712200765881,64.40477561592888,29.636128964342753,Sib
70,Xi_Sib_Proton_0.155_87.0_282.6_70,0.8376982777,1,Proton,0.15475843911680123,87.02015525746503,282.62436594352044,Sib
71,Xi_Sib_Iron_0.0727_82.6_122.3_71,0.5736415920,1,Iron,0.07271307618930987,82.59037962638173,122.25476971616987,Sib
72,Xi_Sib_Proton_1.82_86.2_353.0_72,0.0839362083,1,Proton,1.8242089108991013,86.24593625298361,352.9826711160368,Sib
73,Xi_Sib_Iron_0.745_85.7_133.4_73,0.8297207948,1,Iron,0.7452483667281777,85.7263031599185,133.44703248174255,Sib
74,Xi_Sib_Proton_0.0537_86.9_113.3_74,0.4021381181,1,Proton,0.05372200513847971,86.87544357897406,113.25096216874508,Sib
75,Xi_Sib_Iron_3.58_71.1_167.4_75,0.6841338172,1,Iron,3.579279278065876,71.0803085966992,167.4058625143613,Sib
76,Xi_Sib_Proton_0.295_81.4_137.0_76,0.7926484146,1,Proton,0.2948593401707326,81.42080319193559,136.95106498401393,Sib
77,Xi_Sib_Iron_0.229_80.2_226.2_77,0.5113806652,1,Iron,0.22947965519798008,80.15253373978122,226.2287551956758,Sib
78,Xi_Sib_Proton_0.27_79.5_3.305_78,0.4439781377,1,Proton,0.2699356362551556,79.46310382709085,3.304971486101387,Sib
79,Xi_Sib_Iron_0.0429_81.0_102.2_79,0.1368961204,1,Iron,0.04288783892692283,80.95954490172535,102.16465514717551,Sib
80,Xi_Sib_Proton_2.02_84.5_43.98_80,0.2269143763,1,Proton,2.0231851291722314,84.49196151801215,43.982033510978276,Sib
81,Xi_Sib_Iron_0.417_56.5_70.84_81,0.1176129015,1,Iron,0.4174111520964878,56.484930693659244,70.83687942673639,Sib
82,Xi_Sib_Proton_2.41_67.2_11.86_82,0.2157684542,1,Proton,2.411463137578197,67.18999834579385,11.858745562613592,Sib
83,Xi_Sib_Iron_1.28_86.6_65.67_83,0.4095249656,1,Iron,1.2826397793112898,86.63823192647823,65.67248145911587,Sib
84,Xi_Sib_Proton_0.839_85.7_256.9_84,0.2123614055,1,Proton,0.8386140544866747,85.74693314541001,256.90380333103604,Sib
85,Xi_Sib_Iron_2.98_66.7_184.5_85,0.8491456306,1,Iron,2.9835639980705237,66.68968956804646,184.536133902255,Sib
86,Xi_Sib_Proton_0.196_81.7_202.5_86,0.1424297420,1,Proton,0.1959406202569617,81.65617875390065,202.50170443182927,Sib
87,Xi_Sib_Iron_0.736_80.6_60.28_87,0.7216051702,1,Iron,0.7360443438237846,80.5618538189959,60.27785481227629,Sib
88,Xi_Sib_Proton_0.504_86.4_256.7_88,0.4714499312,1,Proton,0.5039911014917403,86.37680458565197,256.7069510500219,Sib
89,Xi_Sib_Iron_0.868_81.6_348.6_89,0.6086697382,1,Iron,0.8679484580201885,81.63139466192756,348.6133270689048,Sib
90,Xi_Sib_Proton_3.71_62.7_119.9_90,0.7379908242,1,Proton,3.7067278766435505,62.669643294362686,119.86681813281439,Sib
91,Xi_Sib_Iron_2.02_84.1_140.8_91,0.5862434015,1,Iron,2.0245367100612888,84.06645102157599,140.78073093806123,Sib
92,Xi_Sib_Proton_1.06_78.6_15.28_92,0.2143960321,1,Proton,1.0587912879813564,78.55530798827215,15.276872388953034,Sib
93,Xi_Sib_Iron_3.79_86.1_206.8_93,0.7976305747,1,Iron,3.785314784305227,86.14912330993283,206.84006261506246,Sib
94,Xi_Sib_Proton_0.0546_68.8_182.5_94,0.5884949128,1,Proton,0.05464667812670577,68.83715791209293,182.53638792500172,Sib
95,Xi_Sib_Iron_0.0856_57.1_264.8_95,0.2433130918,1,Iron,0.08555620772589381,57.12625161383828,264.8188143941043,Sib
96,Xi_Sib_Proton_2.42_75.0_260.6_96,0.9298673401,1,Proton,2.423347314778692,75.01839408124881,260.5845541852754,Sib
97,Xi_Sib_Iron_0.433_63.5_30.74_97,0.2791735065,1,Iron,0.4330741923580965,63.51435283165155,30.741338711205234,Sib
98,Xi_Sib_Proton_2.23_77.0_252.9_98,0.1745675267,1,Proton,2.2305889593965906,76.97813439815108,252.86462396922445,Sib
99,Xi_Sib_Iron_0.0385_60.7_324.9_99,0.3989747052,1,Iron,0.0385157640666148,60.68378771842255,324.8721605136037,Sib
100,Xi_Sib_Proton_0.416_85.7_267.9_100,0.8900090458,1,Proton,0.4163038076382173,85.66576784101711,267.9022966882306,Sib
101,Xi_Sib_Iron_0.637_82.9_130.1_101,0.4884078536,1,Iron,0.6373907367920162,82.896302613248,130.073160148055,Sib
102,Xi_Sib_Proton_0.0781_76.5_20.31_102,0.0218376032,1,Proton,0.07807480110562814,76.51306156170689,20.305687856342374,Sib
103,Xi_Sib_Iron_0.0408_82.5_141.5_103,0.4584553278,1,Iron,0.04075636215743612,82.45518506937525,141.54941432433841,Sib
104,Xi_Sib_Proton_0.149_81.3_139.4_104,0.1250765830,1,Proton,0.14922027212693167,81.30687401316516,139.36953077733182,Sib
105,Xi_Sib_Iron_0.0377_78.9_258.1_105,0.0905622494,1,Iron,0.03770883427682584,78.87339298092401,258.12603633012134,Sib
106,Xi_Sib_Proton_0.0322_79.7_202.4_106,0.5160050082,1,Proton,0.03217546808774366,79.74012909441484,202.43181456985607,Sib
107,Xi_Sib_Iron_0.0907_83.8_279.3_107,0.3457582784,1,Iron,0.09065367310167544,83.81565348975845,279.2972666858952,Sib
108,Xi_Sib_Proton_0.112_85.8_298.9_108,0.5999103693,1,Proton,0.11248427805110685,85.79305948058867,298.8502091531929,Sib
109,Xi_Sib_Iron_1.25_78.0_120.1_109,0.5467659317,1,Iron,1.2497890300772283,77.97343756043323,120.1390755817182,Sib
110,Xi_Sib_Proton_0.243_81.4_288.6_110,0.9119755286,1,Proton,0.24281403898462808,81.4440831099785,288.63176266528154,Sib
111,Xi_Sib_Iron_0.11_85.4_107.7_111,0.1830516311,1,Iron,0.11034529487373923,85.39434511466554,107.71048180261316,Sib
112,Xi_Sib_Proton_2.14_84.0_236.0_112,0.5053792647,1,Proton,2.1442407767341365,84.0167102756647,235.97752657972345,Sib
113,Xi_Sib_Iron_1.08_85.1_93.27_113,0.0709390848,1,Iron,1.084874074557628,85.11749156868429,93.269287378985,Sib
114,Xi_Sib_Proton_0.0743_80.5_276.5_114,0.2174578039,1,Proton,0.0742845455276074,80.47316988489992,276.51937937921304,Sib
115,Xi_Sib_Iron_1.41_86.2_334.8_115,0.5153051016,1,Iron,1.4122044037260708,86.19564010533823,334.8056231408341,Sib
116,Xi_Sib_Proton_0.0422_78.9_126.9_116,0.3947965836,1,Proton,0.04216341703686448,78.8616035847602,126.86618627845621,Sib
117,Xi_Sib_Iron_0.823_70.4_32.6_117,0.5395363466,1,Iron,0.8229441959138751,70.36383973223244,32.60426697775679,Sib
118,Xi_Sib_Proton_3.09_87.1_126.1_118,0.0478787805,1,Proton,3.0922532133042258,87.05631543020483,126.14018830010694,Sib
119,Xi_Sib_Iron_0.663_83.9_210.0_119,0.9431625494,1,Iron,0.6633005479096794,83.89750938056989,210.02382359263078,Sib
120,Xi_Sib_Proton_0.621_87.7_126.0_120,0.8140248041,1,Proton,0.6208173058568944,87.68759636307978,126.0139144339504,Sib
121,Xi_Sib_Iron_1.54_82.6_266.7_121,0.4473403629,1,Iron,1.5371686505588549,82.57136928750319,266.7172860646651,Sib
122,Xi_Sib_Proton_0.0504_81.5_15.62_122,0.9743832336,1,Proton,0.05044058832753046,81.45710384601192,15.617386970103153,Sib
123,Xi_Sib_Iron_0.05_60.3_128.2_123,0.9150678200,1,Iron,0.049954764233441966,60.27626786305932,128.1883582709628,Sib
124,Xi_Sib_Proton_0.364_86.5_279.2_124,0.9463443695,1,Proton,0.36429344231822686,86.46743338595512,279.16239220997835,Sib
125,Xi_Sib_Iron_0.228_65.1_89.05_125,0.6642793960,1,Iron,0.2282197870459611,65.11325423739812,89.04977280531435,Sib
126,Xi_Sib_Proton_0.156_83.0_348.1_126,0.6744944176,1,Proton,0.15597346573835283,82.98414026534587,348.0536644903887,Sib
127,Xi_Sib_Iron_0.0431_80.7_343.5_127,0.0624930643,1,Iron,0.043130030235487324,80.69956548957066,343.54430688402886,Sib
128,Xi_Sib_Proton_0.0991_84.4_113.6_128,0.7110105059,1,Proton,0.09908695740442001,84.40566940314086,113.64530092881502,Sib
129,Xi_Sib_Iron_0.844_86.1_121.9_129,0.2493852348,1,Iron,0.8443679950954158,86.12717676841902,121.87178400196842,Sib
130,Xi_Sib_Proton_0.0522_64.2_164.6_130,0.2354339774,1,Proton,0.052244549259659934,64.18586530114548,164.59701871102217,Sib
131,Xi_Sib_Iron_3.69_81.4_277.6_131,0.4965257832,1,Iron,3.6946670668532593,81.44538754130014,277.62671859386995,Sib
132,Xi_Sib_Proton_2.52_81.9_149.8_132,0.9283622476,1,Proton,2.517784654868814,81.91992609461145,149.7938941480844,Sib
133,Xi_Sib_Iron_0.381_70.5_4.341_133,0.1278460337,1,Iron,0.3807807058897319,70.51898946985625,4.3412596816892535,Sib
134,Xi_Sib_Proton_0.524_77.5_213.9_134,0.8142641790,1,Proton,0.5236622514436675,77.50853643286445,213.88410164447222,Sib
135,Xi_Sib_Iron_0.375_67.3_342.3_135,0.3421700694,1,Iron,0.37469863028432976,67.34013831856252,342.29291124631,Sib
136,Xi_Sib_Proton_0.451_64.0_125.7_136,0.7372959153,1,Proton,0.45146868671087165,64.025770036226,125.65846663941717,Sib
137,Xi_Sib_Iron_0.871_55.9_248.8_137,0.5733116749,1,Iron,0.8712238878733297,55.89334364653232,248.76005392895448,Sib
138,Xi_Sib_Proton_0.482_71.7_68.47_138,0.2233563075,1,Proton,0.48199081198070287,71.73936410458066,68.46843567959499,Sib
139,Xi_Sib_Iron_0.0753_59.3_165.8_139,0.4748835699,1,Iron,0.07530436797611881,59.30627567282819,165.80850810524402,Sib
140,Xi_Sib_Proton_0.891_86.5_346.6_140,0.9215509735,1,Proton,0.8905590757215105,86.46138975837823,346.6471684500031,Sib
141,Xi_Sib_Iron_1.37_85.5_31.25_141,0.1739423827,1,Iron,1.3680349602403477,85.52594139581633,31.248548018148536,Sib
142,Xi_Sib_Proton_0.16_82.3_94.17_142,0.7764760103,1,Proton,0.1600837774447512,82.2918511308667,94.17153920745827,Sib
143,Xi_Sib_Iron_0.293_77.5_25.15_143,0.9752739930,1,Iron,0.29312584737642433,77.45166644117592,25.151574326145663,Sib
144,Xi_Sib_Proton_1.91_83.1_315.5_144,0.6082155883,1,Proton,1.9118127848304687,83.09501337096336,315.4768367531349,Sib
145,Xi_Sib_Iron_0.29_57.0_346.4_145,0.3062294335,1,Iron,0.28976045517427723,56.95391588956346,346.4007507070538,Sib
146,Xi_Sib_Proton_1.25_81.1_210.1_146,0.8098517878,1,Proton,1.249717004675153,81.14807576049138,210.06694702572648,Sib
147,Xi_Sib_Iron_0.973_76.4_358.9_147,0.8141919639,1,Iron,0.9727277954812005,76.41507905746631,358.86310056177985,Sib
148,Xi_Sib_Proton_1.38_78.7_82.52_148,0.1009571013,1,Proton,1.381045460544788,78.65084455843885,82.51682356569549,Sib
149,Xi_Sib_Iron_0.0864_75.2_7.043_149,0.4572667699,1,Iron,0.08638525830212022,75.18389294066574,7.042569135332033,Sib
150,Xi_Sib_Proton_3.35_71.7_228.7_150,0.4192782075,1,Proton,3.3498702781762986,71.68951753396755,228.7199918887336,Sib
151,Xi_Sib_Iron_3.26_61.4_220.5_151,0.1049814379,1,Iron,3.258564743036917,61.43170226254551,220.50232876296104,Sib
152,Xi_Sib_Proton_0.523_66.4_163.4_152,0.8822770751,1,Proton,0.5233839436078718,66.44450498952176,163.38489671293377,Sib
153,Xi_Sib_Iron_0.638_74.6_76.62_153,0.8544480414,1,Iron,0.6379996497514897,74.56143234021405,76.61541348170843,Sib
154,Xi_Sib_Proton_0.851_54.5_27.48_154,0.1183096531,1,Proton,0.8514045510065293,54.51238975673557,27.47646801604946,Sib
155,Xi_Sib_Iron_0.72_80.6_78.32_155,0.9270503347,1,Iron,0.7199530856930638,80.5656136356901,78.31909016639365,Sib
156,Xi_Sib_Proton_2.43_66.1_57.88_156,0.4728561038,1,Proton,2.433209905581271,66.14967414948066,57.87893679940736,Sib
157,Xi_Sib_Iron_0.04_80.4_330.3_157,0.6250364241,1,Iron,0.04001894661425734,80.36735163092683,330.2745999981837,Sib
158,Xi_Sib_Proton_0.0341_54.6_121.7_158,0.8176795558,1,Proton,0.034099617350229455,54.627018310894336,121.7425305459293,Sib
159,Xi_Sib_Iron_2.6_86.4_227.1_159,0.8042683021,1,Iron,2.601041092046533,86.3640879318182,227.0502924446196,Sib
160,Xi_Sib_Proton_0.0362_65.4_315.9_160,0.7174025015,1,Proton,0.03620561193018694,65.39581292770012,315.93726680860203,Sib
161,Xi_Sib_Iron_3.52_51.3_84.0_161,0.4420418918,1,Iron,3.518547025082127,51.30775982284373,83.99939749448266,Sib
162,Xi_Sib_Proton_0.428_86.8_80.44_162,0.5787883638,1,Proton,0.4276727177247967,86.80731370904799,80.44201736847356,Sib
163,Xi_Sib_Iron_0.218_81.2_92.5_163,0.3209609253,1,Iron,0.21838895412582862,81.201140559253,92.50390301357484,Sib
164,Xi_Sib_Proton_0.153_78.3_136.7_164,0.2709960148,1,Proton,0.15324614376603812,78.28780506705114,136.69717266238032,Sib
165,Xi_Sib_Iron_0.152_75.2_245.8_165,0.0530343531,1,Iron,0.15177249964559864,75.17108356517326,245.78687336309517,Sib
166,Xi_Sib_Proton_1.05_87.3_22.36_166,0.9621512649,1,Proton,1.0453927347386063,87.34809090718987,22.36296491028337,Sib
167,Xi_Sib_Iron_0.0898_61.0_99.69_167,0.4846311901,1,Iron,0.08975010722761308,61.029837328447165,99.6881544341135,Sib
168,Xi_Sib_Proton_0.224_86.1_275.9_168,0.6248757714,1,Proton,0.2236221174041968,86.05369889706976,275.91512987272745,Sib
169,Xi_Sib_Iron_0.611_80.1_239.0_169,0.0262902254,1,Iron,0.610599347250415,80.05522794295577,239.00462053267722,Sib
170,Xi_Sib_Proton_0.225_69.5_356.9_170,0.9460716907,1,Proton,0.2254027838759668,69.51845948909475,356.92935932140256,Sib
171,Xi_Sib_Iron_0.203_78.4_238.8_171,0.1929821007,1,Iron,0.2033982759648836,78.39732465546325,238.79688565130834,Sib
172,Xi_Sib_Proton_0.503_56.2_207.1_172,0.1915899864,1,Proton,0.5029735095744824,56.24701069766674,207.12707269909325,Sib
173,Xi_Sib_Iron_1.68_88.0_272.2_173,0.6205036744,1,Iron,1.6764426304795754,87.97257413454608,272.2186021024552,Sib
174,Xi_Sib_Proton_0.0472_69.2_226.1_174,0.7748644292,1,Proton,0.04715860499578424,69.20229718386264,226.0742356390934,Sib
175,Xi_Sib_Iron_1.57_78.7_119.9_175,0.9247827475,1,Iron,1.568078215705931,78.6685522118366,119.94939042120797,Sib
176,Xi_Sib_Proton_0.128_81.2_249.6_176,0.2988354177,1,Proton,0.1284830820352425,81.20123690380522,249.63512881957527,Sib
177,Xi_Sib_Iron_0.04_81.5_139.9_177,0.1266610517,1,Iron,0.039951878827629135,81.54710546952745,139.94232001301611,Sib
178,Xi_Sib_Proton_0.484_59.2_270.9_178,0.7557248587,1,Proton,0.48401026146802567,59.23622130610014,270.9436699543593,Sib
179,Xi_Sib_Iron_0.626_82.6_236.0_179,0.4991051820,1,Iron,0.6260164687118787,82.56652216403012,236.0200984927085,Sib
180,Xi_Sib_Proton_0.032_64.9_107.5_180,0.3509100844,1,Proton,0.031992210598413943,64.9470518597607,107.45919574072941,Sib
181,Xi_Sib_Iron_0.101_76.5_251.6_181,0.3059162788,1,Iron,0.100628864510598,76.52809669579865,251.59855714186943,Sib
182,Xi_Sib_Proton_1.27_87.9_20.87_182,0.8515491175,1,Proton,1.2714101455400253,87.85575375975272,20.869398771660038,Sib
183,Xi_Sib_Iron_1.21_87.2_69.24_183,0.2699027052,1,Iron,1.2084366206748685,87.2118466264726,69.24378214933041,Sib
184,Xi_Sib_Proton_0.034_87.2_128.6_184,0.7623198450,1,Proton,0.03398264574074369,87.16826292647022,128.6278705990703,Sib
185,Xi_Sib_Iron_0.0383_58.9_302.9_185,0.1880916737,1,Iron,0.03833007052846621,58.8542914434082,302.87476864677143,Sib
186,Xi_Sib_Proton_0.0545_76.3_5.526_186,0.8036834553,1,Proton,0.05450310969868668,76.28835498687562,5.526253445575278,Sib
187,Xi_Sib_Iron_0.4_75.3_163.3_187,0.0403811325,1,Iron,0.39966608835614426,75.32062226561581,163.25870406370947,Sib
188,Xi_Sib_Proton_0.0372_87.4_69.0_188,0.8025999369,1,Proton,0.0372295434938584,87.41805289891043,69.00400765592248,Sib
189,Xi_Sib_Iron_0.193_54.8_313.2_189,0.2358099189,1,Iron,0.19341323121535517,54.800757875621365,313.2229595709659,Sib
190,Xi_Sib_Proton_0.701_83.5_338.1_190,0.5068722758,1,Proton,0.7008256724257124,83.49197023336039,338.14115232382846,Sib
191,Xi_Sib_Iron_0.044_72.3_213.9_191,0.9178824212,1,Iron,0.043993422398622965,72.2713448106052,213.89334721097123,Sib
192,Xi_Sib_Proton_1.17_78.9_20.54_192,0.4251551981,1,Proton,1.1682017307294905,78.88922762738574,20.536874054307933,Sib
193,Xi_Sib_Iron_1.59_81.7_258.9_193,0.8581732396,1,Iron,1.5875317210213467,81.7205428699796,258.9001543922166,Sib
194,Xi_Sib_Proton_0.12_77.7_173.5_194,0.3277131224,1,Proton,0.11971561118787588,77.70511249639354,173.50999277005286,Sib
195,Xi_Sib_Iron_0.0889_61.3_68.1_195,0.9075501463,1,Iron,0.0888637126291039,61.285123851515536,68.10483997382441,Sib
196,Xi_Sib_Proton_0.463_82.1_350.0_196,0.7486335395,1,Proton,0.46321489795656423,82.13864327227043,350.0256810271139,Sib
197,Xi_Sib_Iron_0.898_85.1_19.77_197,0.6598727249,1,Iron,0.8979221708381945,85.14169819721563,19.76911564800195,Sib
198,Xi_Sib_Proton_0.534_80.7_69.1_198,0.9291247330,1,Proton,0.5338820371163507,80.74355730304457,69.09727701181899,Sib
199,Xi_Sib_Iron_0.776_87.2_148.0_199,0.9473141818,1,Iron,0.7761472456332311,87.15264222602207,148.01205244219025,Sib
200,Xi_Sib_Proton_0.265_73.9_183.9_200,0.6631858836,1,Proton,0.2651547271770071,73.87884670570119,183.90483383818162,Sib
201,Xi_Sib_Iron_1.81_81.0_261.4_201,0.8445278793,1,Iron,1.8088648820098396,80.97590186127309,261.4296599987313,Sib
202,Xi_Sib_Proton_0.0385_86.9_326.9_202,0.0282237578,1,Proton,0.03845167927192761,86.9326829371784,326.935981051364,Sib
203,Xi_Sib_Iron_0.0948_87.3_66.2_203,0.7385092280,1,Iron,0.09476283917814517,87.33540120459168,66.19792922980804,Sib
204,Xi_Sib_Proton_0.476_65.4_256.5_204,0.2492270856,1,Proton,0.4758784418028014,65.41757562012869,256.5452475770248,Sib
205,Xi_Sib_Iron_0.0741_80.6_347.0_205,0.2807667461,1,Iron,0.07413073125174004,80.62287231042994,347.0113502721984,Sib
206,Xi_Sib_Proton_0.0339_85.4_250.5_206,0.4390718424,1,Proton,0.03394638937307162,85.40259942316708,250.51872345664185,Sib
207,Xi_Sib_Iron_0.089_59.0_48.72_207,0.6160407909,1,Iron,0.08897933229701332,59.00586300429143,48.723417086852066,Sib
208,Xi_Sib_Proton_0.967_64.3_73.14_208,0.3087904148,1,Proton,0.9666853814405826,64.31590863228644,73.13907100569901,Sib
209,Xi_Sib_Iron_1.33_59.9_0.5938_209,0.5182694406,1,Iron,1.3340577102668925,59.86318764863415,0.5938034360041744,Sib
210,Xi_Sib_Proton_1.67_72.8_346.4_210,0.8580874446,1,Proton,1.6748805924735102,72.81882287087686,346.4327983631696,Sib
211,Xi_Sib_Iron_0.0863_83.2_59.28_211,0.5517471083,1,Iron,0.08625529344093955,83.23194509586513,59.27580155137926,Sib
212,Xi_Sib_Proton_1.18_65.9_62.96_212,0.4572622230,1,Proton,1.1816956557326035,65.85474421815083,62.95610687589215,Sib
213,Xi_Sib_Iron_2.81_74.7_316.2_213,0.7565363371,1,Iron,2.809299014517405,74.7403285393114,316.2396423951183,Sib
214,Xi_Sib_Proton_0.047_86.3_81.3_214,0.0957728695,1,Proton,0.0470391790567851,86.31861330657912,81.30481707180112,Sib
215,Xi_Sib_Iron_0.102_53.6_173.9_215,0.2281243070,1,Iron,0.10189068000130225,53.60899873167111,173.8558155618679,Sib
216,Xi_Sib_Proton_0.0871_86.0_66.02_216,0.2056201596,1,Proton,0.08710456158611098,85.97564694601058,66.01696729261016,Sib
217,Xi_Sib_Iron_0.0556_87.6_321.8_217,0.0182950152,1,Iron,0.05564844997049348,87.63112844629806,321.8347422657651,Sib
218,Xi_Sib_Proton_2.23_77.9_95.62_218,0.5653480892,1,Proton,2.2327870817973143,77.86308627904323,95.62068762385623,Sib
219,Xi_Sib_Iron_2.85_88.0_33.83_219,0.5020738583,1,Iron,2.8488263985105897,87.98153586946255,33.834703711993185,Sib
220,Xi_Sib_Proton_0.3_82.9_91.45_220,0.5285220477,1,Proton,0.29985186408799275,82.89843867932464,91.44696747722409,Sib
221,Xi_Sib_Iron_0.0337_79.8_231.4_221,0.9382898185,1,Iron,0.03366626333987759,79.76183674928316,231.44408845281276,Sib
222,Xi_Sib_Proton_0.877_54.7_352.9_222,0.3236305328,1,Proton,0.8771091560252021,54.67087086190481,352.929222174683,Sib
223,Xi_Sib_Iron_0.0553_74.3_234.0_223,0.3195231365,1,Iron,0.055276980050441245,74.3365553933125,233.9798727856098,Sib
224,Xi_Sib_Proton_1.63_83.3_3.355_224,0.6601754180,1,Proton,1.6342250524668482,83.32337113344593,3.355090278727171,Sib
225,Xi_Sib_Iron_0.554_84.9_200.4_225,0.8874909606,1,Iron,0.5542150927038193,84.89825341461807,200.40609429312474,Sib
226,Xi_Sib_Proton_0.204_83.7_40.82_226,0.1194352510,1,Proton,0.20352960240188486,83.66750873891522,40.816591070470174,Sib
227,Xi_Sib_Iron_1.72_87.5_5.952_227,0.7322639562,1,Iron,1.7238213112105616,87.52201558904487,5.9521482535159675,Sib
228,Xi_Sib_Proton_0.0341_65.6_76.22_228,0.3374058826,1,Proton,0.03412700081991147,65.5779697631253,76.21624381393599,Sib
229,Xi_Sib_Iron_1.68_72.8_18.72_229,0.3073533895,1,Iron,1.6835701257687417,72.78955517947145,18.723093358098566,Sib
230,Xi_Sib_Proton_1.54_71.5_182.2_230,0.5425235557,1,Proton,1.5436571812605946,71.46777590086117,182.22564167433666,Sib
231,Xi_Sib_Iron_0.0632_74.8_266.6_231,0.8208104922,1,Iron,0.06324163094054386,74.80897250579716,266.61568050750213,Sib
232,Xi_Sib_Proton_1.69_57.1_281.0_232,0.1403159649,1,Proton,1.6925786196948305,57.05778566096212,281.0164650430529,Sib
233,Xi_Sib_Iron_3.4_67.6_45.11_233,0.4896950923,1,Iron,3.403363223012401,67.64908214405202,45.10537606438772,Sib
234,Xi_Sib_Proton_1.05_69.4_75.33_234,0.4621353492,1,Proton,1.0495301308896312,69.43583777320232,75.33410704957488,Sib
235,Xi_Sib_Iron_0.157_70.9_11.42_235,0.1942524918,1,Iron,0.15745750609440348,70.86097873417323,11.419116662621072,Sib
236,Xi_Sib_Proton_3.14_86.3_39.63_236,0.8517620786,1,Proton,3.1425347540019684,86.28093209962866,39.62658773658617,Sib
237,Xi_Sib_Iron_0.457_86.0_128.5_237,0.5096038089,1,Iron,0.4572919231586973,86.02129658489183,128.52167120796693,Sib
238,Xi_Sib_Proton_0.0388_73.2_122.5_238,0.7927130814,1,Proton,0.038751188724124246,73.17530804610966,122.46555018190745,Sib
239,Xi_Sib_Iron_0.388_77.4_210.6_239,0.2924517746,1,Iron,0.3877827345926559,77.4107068360423,210.64476190800656,Sib
240,Xi_Sib_Proton_3.25_61.4_308.1_240,0.4651383347,1,Proton,3.249771879172188,61.416249200051624,308.09891932655756,Sib
241,Xi_Sib_Iron_0.528_75.8_269.9_241,0.1615035191,1,Iron,0.5277387215426086,75.79216677194351,269.91584528178663,Sib
242,Xi_Sib_Proton_0.0423_86.9_50.71_242,0.9351740161,1,Proton,0.04232341281776179,86.946528965353,50.71302792885988,Sib
243,Xi_Sib_Iron_0.0605_86.0_279.7_243,0.8730020554,1,Iron,0.060507230393008996,86.01697345882127,279.6767787528152,Sib
244,Xi_Sib_Proton_0.112_77.4_147.0_244,0.4539085660,1,Proton,0.11230613940645186,77.39135291464758,147.02418615591824,Sib
245,Xi_Sib_Iron_0.0868_62.9_229.9_245,0.8409546162,1,Iron,0.08677705058475904,62.90826478107708,229.9211635358305,Sib
246,Xi_Sib_Proton_0.0966_68.0_262.3_246,0.4768857228,1,Proton,0.09660575722013792,68.01865429961265,262.32885345734087,Sib
247,Xi_Sib_Iron_0.0899_85.1_148.6_247,0.6177304399,1,Iron,0.08989083296423843,85.09101035555787,148.60308079266116,Sib
248,Xi_Sib_Proton_0.194_50.5_114.4_248,0.0528729524,1,Proton,0.19432159640796842,50.54850024075602,114.40010852251955,Sib
249,Xi_Sib_Iron_0.11_87.2_129.4_249,0.4914571394,1,Iron,0.10990119350576599,87.23739393627274,129.3805915810717,Sib
